identifier,Source,ProteinName,GeneName
sp|A5A613|YCIY_ECOLI,sp,A5A613,YCIY
sp|P00350|6PGD_ECOLI,sp,P00350,6PGD
sp|P00363|FRDA_ECOLI,sp,P00363,FRDA
sp|P00370|DHE4_ECOLI,sp,P00370,DHE4
sp|P00393|NDH_ECOLI,sp,P00393,NDH
sp|P00448|SODM_ECOLI,sp,P00448,SODM
sp|P00452|RIR1_ECOLI,sp,P00452,RIR1
sp|P00490|PHSM_ECOLI,sp,P00490,PHSM
sp|P00509|AAT_ECOLI,sp,P00509,AAT
sp|P00547|KHSE_ECOLI,sp,P00547,KHSE
sp|P00550|PTM3C_ECOLI,sp,P00550,PTM3C
sp|P00561|AK1H_ECOLI,sp,P00561,AK1H
sp|P00562|AK2H_ECOLI,sp,P00562,AK2H
sp|P00579|RPOD_ECOLI,sp,P00579,RPOD
sp|P00582|DPO1_ECOLI,sp,P00582,DPO1
sp|P00634|PPB_ECOLI,sp,P00634,PPB
sp|P00803|LEP_ECOLI,sp,P00803,LEP
sp|P00805|ASPG2_ECOLI,sp,P00805,ASPG2
sp|P00811|AMPC_ECOLI,sp,P00811,AMPC
sp|P00864|CAPP_ECOLI,sp,P00864,CAPP
sp|P00887|AROH_ECOLI,sp,P00887,AROH
sp|P00888|AROF_ECOLI,sp,P00888,AROF
sp|P00893|ILVI_ECOLI,sp,P00893,ILVI
sp|P00894|ILVH_ECOLI,sp,P00894,ILVH
sp|P00934|THRC_ECOLI,sp,P00934,THRC
sp|P00935|METB_ECOLI,sp,P00935,METB
sp|P00936|CYAA_ECOLI,sp,P00936,CYAA
sp|P00944|XYLA_ECOLI,sp,P00944,XYLA
sp|P00946|MANA_ECOLI,sp,P00946,MANA
sp|P00954|SYW_ECOLI,sp,P00954,SYW
sp|P00956|SYI_ECOLI,sp,P00956,SYI
sp|P00957|SYA_ECOLI,sp,P00957,SYA
sp|P00959|SYM_ECOLI,sp,P00959,SYM
sp|P00960|SYGA_ECOLI,sp,P00960,SYGA
sp|P00961|SYGB_ECOLI,sp,P00961,SYGB
sp|P00962|SYQ_ECOLI,sp,P00962,SYQ
sp|P00963|ASNA_ECOLI,sp,P00963,ASNA
sp|P00968|CARB_ECOLI,sp,P00968,CARB
sp|P02358|RS6_ECOLI,sp,P02358,RS6
sp|P02359|RS7_ECOLI,sp,P02359,RS7
sp|P02413|RL15_ECOLI,sp,P02413,RL15
sp|P02916|MALF_ECOLI,sp,P02916,MALF
sp|P02918|PBPA_ECOLI,sp,P02918,PBPA
sp|P02919|PBPB_ECOLI,sp,P02919,PBPB
sp|P02925|RBSB_ECOLI,sp,P02925,RBSB
sp|P02930|TOLC_ECOLI,sp,P02930,TOLC
sp|P02931|OMPF_ECOLI,sp,P02931,OMPF
sp|P02932|PHOE_ECOLI,sp,P02932,PHOE
sp|P02942|MCP1_ECOLI,sp,P02942,MCP1
sp|P02943|LAMB_ECOLI,sp,P02943,LAMB
sp|P03004|DNAA_ECOLI,sp,P03004,DNAA
sp|P03014|PINE_ECOLI,sp,P03014,PINE
sp|P03018|UVRD_ECOLI,sp,P03018,UVRD
sp|P03023|LACI_ECOLI,sp,P03023,LACI
sp|P03024|GALR_ECOLI,sp,P03024,GALR
sp|P03813|YGEA_ECOLI,sp,P03813,YGEA
sp|P03817|MIOC_ECOLI,sp,P03817,MIOC
sp|P03819|KEFC_ECOLI,sp,P03819,KEFC
sp|P04036|DAPB_ECOLI,sp,P04036,DAPB
sp|P04079|GUAA_ECOLI,sp,P04079,GUAA
sp|P04335|FRSA_ECOLI,sp,P04335,FRSA
sp|P04395|3MG2_ECOLI,sp,P04395,3MG2
sp|P04425|GSHB_ECOLI,sp,P04425,GSHB
sp|P04693|TYRB_ECOLI,sp,P04693,TYRB
sp|P04805|SYE_ECOLI,sp,P04805,SYE
sp|P04825|AMPN_ECOLI,sp,P04825,AMPN
sp|P04846|NLPA_ECOLI,sp,P04846,NLPA
sp|P04949|FLIC_ECOLI,sp,P04949,FLIC
sp|P04951|KDSB_ECOLI,sp,P04951,KDSB
sp|P04968|ILVA_ECOLI,sp,P04968,ILVA
sp|P04982|RBSD_ECOLI,sp,P04982,RBSD
sp|P04983|RBSA_ECOLI,sp,P04983,RBSA
sp|P04993|RECD_ECOLI,sp,P04993,RECD
sp|P04994|EX7L_ECOLI,sp,P04994,EX7L
sp|P04995|EX1_ECOLI,sp,P04995,EX1
sp|P05020|PYRC_ECOLI,sp,P05020,PYRC
sp|P05041|PABB_ECOLI,sp,P05041,PABB
sp|P05042|FUMC_ECOLI,sp,P05042,FUMC
sp|P05055|PNP_ECOLI,sp,P05055,PNP
sp|P05100|3MG1_ECOLI,sp,P05100,3MG1
sp|P05194|AROD_ECOLI,sp,P05194,AROD
sp|P05458|PTRA_ECOLI,sp,P05458,PTRA
sp|P05459|PDXB_ECOLI,sp,P05459,PDXB
sp|P05523|FPG_ECOLI,sp,P05523,FPG
sp|P05637|APAH_ECOLI,sp,P05637,APAH
sp|P05791|ILVD_ECOLI,sp,P05791,ILVD
sp|P05793|ILVC_ECOLI,sp,P05793,ILVC
sp|P05804|BGLR_ECOLI,sp,P05804,BGLR
sp|P05827|ILVY_ECOLI,sp,P05827,ILVY
sp|P05847|TTDA_ECOLI,sp,P05847,TTDA
sp|P05852|TSAD_ECOLI,sp,P05852,TSAD
sp|P06136|FTSQ_ECOLI,sp,P06136,FTSQ
sp|P06149|DLD_ECOLI,sp,P06149,DLD
sp|P06282|CDH_ECOLI,sp,P06282,CDH
sp|P06610|BTUE_ECOLI,sp,P06610,BTUE
sp|P06611|BTUD_ECOLI,sp,P06611,BTUD
sp|P06612|TOP1_ECOLI,sp,P06612,TOP1
sp|P06616|ERA_ECOLI,sp,P06616,ERA
sp|P06709|BIRA_ECOLI,sp,P06709,BIRA
sp|P06710|DPO3X_ECOLI,sp,P06710,DPO3X
sp|P06715|GSHR_ECOLI,sp,P06715,GSHR
sp|P06721|METC_ECOLI,sp,P06721,METC
sp|P06722|MUTH_ECOLI,sp,P06722,MUTH
sp|P06846|EBGR_ECOLI,sp,P06846,EBGR
sp|P06959|ODP2_ECOLI,sp,P06959,ODP2
sp|P06961|CCA_ECOLI,sp,P06961,CCA
sp|P06968|DUT_ECOLI,sp,P06968,DUT
sp|P06974|FLIM_ECOLI,sp,P06974,FLIM
sp|P06983|HEM3_ECOLI,sp,P06983,HEM3
sp|P06986|HIS8_ECOLI,sp,P06986,HIS8
sp|P06987|HIS7_ECOLI,sp,P06987,HIS7
sp|P06988|HISX_ECOLI,sp,P06988,HISX
sp|P06989|HIS2_ECOLI,sp,P06989,HIS2
sp|P06992|RSMA_ECOLI,sp,P06992,RSMA
sp|P06993|MALT_ECOLI,sp,P06993,MALT
sp|P06996|OMPC_ECOLI,sp,P06996,OMPC
sp|P06999|PFKB_ECOLI,sp,P06999,PFKB
sp|P07000|PLDB_ECOLI,sp,P07000,PLDB
sp|P07001|PNTA_ECOLI,sp,P07001,PNTA
sp|P07003|POXB_ECOLI,sp,P07003,POXB
sp|P07004|PROA_ECOLI,sp,P07004,PROA
sp|P07012|RF2_ECOLI,sp,P07012,RF2
sp|P07013|PRIB_ECOLI,sp,P07013,PRIB
sp|P07014|SDHB_ECOLI,sp,P07014,SDHB
sp|P07017|MCP2_ECOLI,sp,P07017,MCP2
sp|P07021|YFIB_ECOLI,sp,P07021,YFIB
sp|P07023|TYRA_ECOLI,sp,P07023,TYRA
sp|P07024|USHA_ECOLI,sp,P07024,USHA
sp|P07026|SDIA_ECOLI,sp,P07026,SDIA
sp|P07102|PPA_ECOLI,sp,P07102,PPA
sp|P07109|HISP_ECOLI,sp,P07109,HISP
sp|P07117|PUTP_ECOLI,sp,P07117,PUTP
sp|P07118|SYV_ECOLI,sp,P07118,SYV
sp|P07330|CHEB_ECOLI,sp,P07330,CHEB
sp|P07363|CHEA_ECOLI,sp,P07363,CHEA
sp|P07395|SYFB_ECOLI,sp,P07395,SYFB
sp|P07604|TYRR_ECOLI,sp,P07604,TYRR
sp|P07623|METAS_ECOLI,sp,P07623,METAS
sp|P07639|AROB_ECOLI,sp,P07639,AROB
sp|P07648|RECC_ECOLI,sp,P07648,RECC
sp|P07649|TRUA_ECOLI,sp,P07649,TRUA
sp|P07650|TYPH_ECOLI,sp,P07650,TYPH
sp|P07654|PSTA_ECOLI,sp,P07654,PSTA
sp|P07658|FDHF_ECOLI,sp,P07658,FDHF
sp|P07762|GLGB_ECOLI,sp,P07762,GLGB
sp|P07813|SYL_ECOLI,sp,P07813,SYL
sp|P07821|FHUC_ECOLI,sp,P07821,FHUC
sp|P07862|DDLB_ECOLI,sp,P07862,DDLB
sp|P07913|TDH_ECOLI,sp,P07913,TDH
sp|P08178|PUR5_ECOLI,sp,P08178,PUR5
sp|P08179|PUR3_ECOLI,sp,P08179,PUR3
sp|P08192|FOLC_ECOLI,sp,P08192,FOLC
sp|P08194|GLPT_ECOLI,sp,P08194,GLPT
sp|P08200|IDH_ECOLI,sp,P08200,IDH
sp|P08201|NIRB_ECOLI,sp,P08201,NIRB
sp|P08244|PYRF_ECOLI,sp,P08244,PYRF
sp|P08245|YCIH_ECOLI,sp,P08245,YCIH
sp|P08312|SYFA_ECOLI,sp,P08312,SYFA
sp|P08331|CPDB_ECOLI,sp,P08331,CPDB
sp|P08337|MUTT_ECOLI,sp,P08337,MUTT
sp|P08373|MURB_ECOLI,sp,P08373,MURB
sp|P08390|USG_ECOLI,sp,P08390,USG
sp|P08394|RECB_ECOLI,sp,P08394,RECB
sp|P08395|SPPA_ECOLI,sp,P08395,SPPA
sp|P08400|PHOR_ECOLI,sp,P08400,PHOR
sp|P08506|DACC_ECOLI,sp,P08506,DACC
sp|P08622|DNAJ_ECOLI,sp,P08622,DNAJ
sp|P08660|AK3_ECOLI,sp,P08660,AK3
sp|P08839|PT1_ECOLI,sp,P08839,PT1
sp|P08997|MASY_ECOLI,sp,P08997,MASY
sp|P09029|PURK_ECOLI,sp,P09029,PURK
sp|P09030|EX3_ECOLI,sp,P09030,EX3
sp|P09053|AVTA_ECOLI,sp,P09053,AVTA
sp|P09099|XYLB_ECOLI,sp,P09099,XYLB
sp|P09126|HEM4_ECOLI,sp,P09126,HEM4
sp|P09127|HEMX_ECOLI,sp,P09127,HEMX
sp|P09147|GALE_ECOLI,sp,P09147,GALE
sp|P09148|GAL7_ECOLI,sp,P09148,GAL7
sp|P09151|LEU1_ECOLI,sp,P09151,LEU1
sp|P09152|NARG_ECOLI,sp,P09152,NARG
sp|P09153|TFAE_ECOLI,sp,P09153,TFAE
sp|P09155|RND_ECOLI,sp,P09155,RND
sp|P09158|SPEE_ECOLI,sp,P09158,SPEE
sp|P09169|OMPT_ECOLI,sp,P09169,OMPT
sp|P09323|PTW3C_ECOLI,sp,P09323,PTW3C
sp|P09372|GRPE_ECOLI,sp,P09372,GRPE
sp|P09373|PFLB_ECOLI,sp,P09373,PFLB
sp|P09391|GLPG_ECOLI,sp,P09391,GLPG
sp|P09394|GLPQ_ECOLI,sp,P09394,GLPQ
sp|P09424|MTLD_ECOLI,sp,P09424,MTLD
sp|P09546|PUTA_ECOLI,sp,P09546,PUTA
sp|P09549|DEDD_ECOLI,sp,P09549,DEDD
sp|P09831|GLTB_ECOLI,sp,P09831,GLTB
sp|P09832|GLTD_ECOLI,sp,P09832,GLTD
sp|P09833|MODC_ECOLI,sp,P09833,MODC
sp|P09835|UHPB_ECOLI,sp,P09835,UHPB
sp|P09980|REP_ECOLI,sp,P09980,REP
sp|P0A698|UVRA_ECOLI,sp,P0A698,UVRA
sp|P0A6A0|UBIB_ECOLI,sp,P0A6A0,UBIB
sp|P0A6A3|ACKA_ECOLI,sp,P0A6A3,ACKA
sp|P0A6A6|LEUC_ECOLI,sp,P0A6A6,LEUC
sp|P0A6A8|ACP_ECOLI,sp,P0A6A8,ACP
sp|P0A6B4|ALR1_ECOLI,sp,P0A6B4,ALR1
sp|P0A6B7|ISCS_ECOLI,sp,P0A6B7,ISCS
sp|P0A6C1|END4_ECOLI,sp,P0A6C1,END4
sp|P0A6C8|ARGB_ECOLI,sp,P0A6C8,ARGB
sp|P0A6D0|ARGR_ECOLI,sp,P0A6D0,ARGR
sp|P0A6D3|AROA_ECOLI,sp,P0A6D3,AROA
sp|P0A6D7|AROK_ECOLI,sp,P0A6D7,AROK
sp|P0A6E1|AROL_ECOLI,sp,P0A6E1,AROL
sp|P0A6E4|ASSY_ECOLI,sp,P0A6E4,ASSY
sp|P0A6E6|ATPE_ECOLI,sp,P0A6E6,ATPE
sp|P0A6E9|BIOD2_ECOLI,sp,P0A6E9,BIOD2
sp|P0A6F1|CARA_ECOLI,sp,P0A6F1,CARA
sp|P0A6F3|GLPK_ECOLI,sp,P0A6F3,GLPK
sp|P0A6F5|CH60_ECOLI,sp,P0A6F5,CH60
sp|P0A6F9|CH10_ECOLI,sp,P0A6F9,CH10
sp|P0A6G3|PNCC_ECOLI,sp,P0A6G3,PNCC
sp|P0A6G7|CLPP_ECOLI,sp,P0A6G7,CLPP
sp|P0A6H1|CLPX_ECOLI,sp,P0A6H1,CLPX
sp|P0A6H5|HSLU_ECOLI,sp,P0A6H5,HSLU
sp|P0A6H8|CLSA_ECOLI,sp,P0A6H8,CLSA
sp|P0A6I0|KCY_ECOLI,sp,P0A6I0,KCY
sp|P0A6I3|COAA_ECOLI,sp,P0A6I3,COAA
sp|P0A6I6|COAD_ECOLI,sp,P0A6I6,COAD
sp|P0A6I9|COAE_ECOLI,sp,P0A6I9,COAE
sp|P0A6J3|CYSZ_ECOLI,sp,P0A6J3,CYSZ
sp|P0A6J5|DADA_ECOLI,sp,P0A6J5,DADA
sp|P0A6J8|DDLA_ECOLI,sp,P0A6J8,DDLA
sp|P0A6K1|DAPF_ECOLI,sp,P0A6K1,DAPF
sp|P0A6K3|DEF_ECOLI,sp,P0A6K3,DEF
sp|P0A6K6|DEOB_ECOLI,sp,P0A6K6,DEOB
sp|P0A6L0|DEOC_ECOLI,sp,P0A6L0,DEOC
sp|P0A6L2|DAPA_ECOLI,sp,P0A6L2,DAPA
sp|P0A6L4|NANA_ECOLI,sp,P0A6L4,NANA
sp|P0A6L7|UXAB_ECOLI,sp,P0A6L7,UXAB
sp|P0A6L9|HSCB_ECOLI,sp,P0A6L9,HSCB
sp|P0A6M2|DSBB_ECOLI,sp,P0A6M2,DSBB
sp|P0A6M4|DTD_ECOLI,sp,P0A6M4,DTD
sp|P0A6M8|EFG_ECOLI,sp,P0A6M8,EFG
sp|P0A6N4|EFP_ECOLI,sp,P0A6N4,EFP
sp|P0A6N8|EFPL_ECOLI,sp,P0A6N8,EFPL
sp|P0A6P1|EFTS_ECOLI,sp,P0A6P1,EFTS
sp|P0A6P5|DER_ECOLI,sp,P0A6P5,DER
sp|P0A6P7|ENGB_ECOLI,sp,P0A6P7,ENGB
sp|P0A6P9|ENO_ECOLI,sp,P0A6P9,ENO
sp|P0A6Q3|FABA_ECOLI,sp,P0A6Q3,FABA
sp|P0A6Q6|FABZ_ECOLI,sp,P0A6Q6,FABZ
sp|P0A6R0|FABH_ECOLI,sp,P0A6R0,FABH
sp|P0A6R3|FIS_ECOLI,sp,P0A6R3,FIS
sp|P0A6S0|FLGH_ECOLI,sp,P0A6S0,FLGH
sp|P0A6S7|GPDA_ECOLI,sp,P0A6S7,GPDA
sp|P0A6T1|G6PI_ECOLI,sp,P0A6T1,G6PI
sp|P0A6T3|GAL1_ECOLI,sp,P0A6T3,GAL1
sp|P0A6T5|GCH1_ECOLI,sp,P0A6T5,GCH1
sp|P0A6T9|GCSH_ECOLI,sp,P0A6T9,GCSH
sp|P0A6U3|MNMG_ECOLI,sp,P0A6U3,MNMG
sp|P0A6U5|RSMG_ECOLI,sp,P0A6U5,RSMG
sp|P0A6U8|GLGA_ECOLI,sp,P0A6U8,GLGA
sp|P0A6V1|GLGC_ECOLI,sp,P0A6V1,GLGC
sp|P0A6V8|GLK_ECOLI,sp,P0A6V8,GLK
sp|P0A6W0|GLSA2_ECOLI,sp,P0A6W0,GLSA2
sp|P0A6W3|MRAY_ECOLI,sp,P0A6W3,MRAY
sp|P0A6W5|GREA_ECOLI,sp,P0A6W5,GREA
sp|P0A6W9|GSH1_ECOLI,sp,P0A6W9,GSH1
sp|P0A6X1|HEM1_ECOLI,sp,P0A6X1,HEM1
sp|P0A6X3|HFQ_ECOLI,sp,P0A6X3,HFQ
sp|P0A6X7|IHFA_ECOLI,sp,P0A6X7,IHFA
sp|P0A6Y1|IHFB_ECOLI,sp,P0A6Y1,IHFB
sp|P0A6Y5|HSLO_ECOLI,sp,P0A6Y5,HSLO
sp|P0A6Y8|DNAK_ECOLI,sp,P0A6Y8,DNAK
sp|P0A6Z1|HSCA_ECOLI,sp,P0A6Z1,HSCA
sp|P0A6Z3|HTPG_ECOLI,sp,P0A6Z3,HTPG
sp|P0A6Z6|NIKR_ECOLI,sp,P0A6Z6,NIKR
sp|P0A700|HYPA_ECOLI,sp,P0A700,HYPA
sp|P0A703|HYBF_ECOLI,sp,P0A703,HYBF
sp|P0A705|IF2_ECOLI,sp,P0A705,IF2
sp|P0A707|IF3_ECOLI,sp,P0A707,IF3
sp|P0A710|YCIB_ECOLI,sp,P0A710,YCIB
sp|P0A715|KDSA_ECOLI,sp,P0A715,KDSA
sp|P0A717|KPRS_ECOLI,sp,P0A717,KPRS
sp|P0A720|KTHY_ECOLI,sp,P0A720,KTHY
sp|P0A722|LPXA_ECOLI,sp,P0A722,LPXA
sp|P0A725|LPXC_ECOLI,sp,P0A725,LPXC
sp|P0A729|NTPPB_ECOLI,sp,P0A729,NTPPB
sp|P0A731|MGSA_ECOLI,sp,P0A731,MGSA
sp|P0A734|MINE_ECOLI,sp,P0A734,MINE
sp|P0A738|MOAC_ECOLI,sp,P0A738,MOAC
sp|P0A742|MSCL_ECOLI,sp,P0A742,MSCL
sp|P0A744|MSRA_ECOLI,sp,P0A744,MSRA
sp|P0A746|MSRB_ECOLI,sp,P0A746,MSRB
sp|P0A749|MURA_ECOLI,sp,P0A749,MURA
sp|P0A752|NADD_ECOLI,sp,P0A752,NADD
sp|P0A756|KEFG_ECOLI,sp,P0A756,KEFG
sp|P0A759|NAGB_ECOLI,sp,P0A759,NAGB
sp|P0A761|NANE_ECOLI,sp,P0A761,NANE
sp|P0A763|NDK_ECOLI,sp,P0A763,NDK
sp|P0A766|RSXA_ECOLI,sp,P0A766,RSXA
sp|P0A776|RPPH_ECOLI,sp,P0A776,RPPH
sp|P0A780|NUSB_ECOLI,sp,P0A780,NUSB
sp|P0A784|ORN_ECOLI,sp,P0A784,ORN
sp|P0A786|PYRB_ECOLI,sp,P0A786,PYRB
sp|P0A790|PAND_ECOLI,sp,P0A790,PAND
sp|P0A794|PDXJ_ECOLI,sp,P0A794,PDXJ
sp|P0A796|PFKA_ECOLI,sp,P0A796,PFKA
sp|P0A799|PGK_ECOLI,sp,P0A799,PGK
sp|P0A7A5|PIMT_ECOLI,sp,P0A7A5,PIMT
sp|P0A7A7|PLSB_ECOLI,sp,P0A7A7,PLSB
sp|P0A7A9|IPYR_ECOLI,sp,P0A7A9,IPYR
sp|P0A7B1|PPK1_ECOLI,sp,P0A7B1,PPK1
sp|P0A7B3|NADK_ECOLI,sp,P0A7B3,NADK
sp|P0A7B5|PROB_ECOLI,sp,P0A7B5,PROB
sp|P0A7B8|HSLV_ECOLI,sp,P0A7B8,HSLV
sp|P0A7C2|LEXA_ECOLI,sp,P0A7C2,LEXA
sp|P0A7C6|PEPE_ECOLI,sp,P0A7C6,PEPE
sp|P0A7D1|PTH_ECOLI,sp,P0A7D1,PTH
sp|P0A7D4|PURA_ECOLI,sp,P0A7D4,PURA
sp|P0A7D7|PUR7_ECOLI,sp,P0A7D7,PUR7
sp|P0A7E1|PYRD_ECOLI,sp,P0A7E1,PYRD
sp|P0A7E3|PYRE_ECOLI,sp,P0A7E3,PYRE
sp|P0A7E5|PYRG_ECOLI,sp,P0A7E5,PYRG
sp|P0A7E9|PYRH_ECOLI,sp,P0A7E9,PYRH
sp|P0A7F3|PYRI_ECOLI,sp,P0A7F3,PYRI
sp|P0A7F6|SPED_ECOLI,sp,P0A7F6,SPED
sp|P0A7F9|QUEA_ECOLI,sp,P0A7F9,QUEA
sp|P0A7G2|RBFA_ECOLI,sp,P0A7G2,RBFA
sp|P0A7G6|RECA_ECOLI,sp,P0A7G6,RECA
sp|P0A7H0|RECF_ECOLI,sp,P0A7H0,RECF
sp|P0A7H6|RECR_ECOLI,sp,P0A7H6,RECR
sp|P0A7I0|RF1_ECOLI,sp,P0A7I0,RF1
sp|P0A7I4|RF3_ECOLI,sp,P0A7I4,RF3
sp|P0A7I7|RIBA_ECOLI,sp,P0A7I7,RIBA
sp|P0A7J0|RIBB_ECOLI,sp,P0A7J0,RIBB
sp|P0A7J3|RL10_ECOLI,sp,P0A7J3,RL10
sp|P0A7J7|RL11_ECOLI,sp,P0A7J7,RL11
sp|P0A7K2|RL7_ECOLI,sp,P0A7K2,RL7
sp|P0A7K6|RL19_ECOLI,sp,P0A7K6,RL19
sp|P0A7L0|RL1_ECOLI,sp,P0A7L0,RL1
sp|P0A7L3|RL20_ECOLI,sp,P0A7L3,RL20
sp|P0A7L8|RL27_ECOLI,sp,P0A7L8,RL27
sp|P0A7M2|RL28_ECOLI,sp,P0A7M2,RL28
sp|P0A7M6|RL29_ECOLI,sp,P0A7M6,RL29
sp|P0A7M9|RL31_ECOLI,sp,P0A7M9,RL31
sp|P0A7N1|RL31B_ECOLI,sp,P0A7N1,RL31B
sp|P0A7N4|RL32_ECOLI,sp,P0A7N4,RL32
sp|P0A7N9|RL33_ECOLI,sp,P0A7N9,RL33
sp|P0A7P5|RL34_ECOLI,sp,P0A7P5,RL34
sp|P0A7R1|RL9_ECOLI,sp,P0A7R1,RL9
sp|P0A7R5|RS10_ECOLI,sp,P0A7R5,RS10
sp|P0A7R9|RS11_ECOLI,sp,P0A7R9,RS11
sp|P0A7S3|RS12_ECOLI,sp,P0A7S3,RS12
sp|P0A7S9|RS13_ECOLI,sp,P0A7S9,RS13
sp|P0A7T3|RS16_ECOLI,sp,P0A7T3,RS16
sp|P0A7T7|RS18_ECOLI,sp,P0A7T7,RS18
sp|P0A7U3|RS19_ECOLI,sp,P0A7U3,RS19
sp|P0A7U7|RS20_ECOLI,sp,P0A7U7,RS20
sp|P0A7V0|RS2_ECOLI,sp,P0A7V0,RS2
sp|P0A7V3|RS3_ECOLI,sp,P0A7V3,RS3
sp|P0A7V8|RS4_ECOLI,sp,P0A7V8,RS4
sp|P0A7W1|RS5_ECOLI,sp,P0A7W1,RS5
sp|P0A7W7|RS8_ECOLI,sp,P0A7W7,RS8
sp|P0A7X3|RS9_ECOLI,sp,P0A7X3,RS9
sp|P0A7X6|RIMM_ECOLI,sp,P0A7X6,RIMM
sp|P0A7Y0|RNC_ECOLI,sp,P0A7Y0,RNC
sp|P0A7Y4|RNH_ECOLI,sp,P0A7Y4,RNH
sp|P0A7Y8|RNPA_ECOLI,sp,P0A7Y8,RNPA
sp|P0A7Z0|RPIA_ECOLI,sp,P0A7Z0,RPIA
sp|P0A7Z4|RPOA_ECOLI,sp,P0A7Z4,RPOA
sp|P0A800|RPOZ_ECOLI,sp,P0A800,RPOZ
sp|P0A805|RRF_ECOLI,sp,P0A805,RRF
sp|P0A809|RUVA_ECOLI,sp,P0A809,RUVA
sp|P0A812|RUVB_ECOLI,sp,P0A812,RUVB
sp|P0A814|RUVC_ECOLI,sp,P0A814,RUVC
sp|P0A817|METK_ECOLI,sp,P0A817,METK
sp|P0A821|SELA_ECOLI,sp,P0A821,SELA
sp|P0A823|SFSA_ECOLI,sp,P0A823,SFSA
sp|P0A825|GLYA_ECOLI,sp,P0A825,GLYA
sp|P0A828|SMG_ECOLI,sp,P0A828,SMG
sp|P0A830|DCTA_ECOLI,sp,P0A830,DCTA
sp|P0A832|SSRP_ECOLI,sp,P0A832,SSRP
sp|P0A836|SUCC_ECOLI,sp,P0A836,SUCC
sp|P0A840|SURE_ECOLI,sp,P0A840,SURE
sp|P0A843|TATE_ECOLI,sp,P0A843,TATE
sp|P0A847|TGT_ECOLI,sp,P0A847,TGT
sp|P0A850|TIG_ECOLI,sp,P0A850,TIG
sp|P0A855|TOLB_ECOLI,sp,P0A855,TOLB
sp|P0A858|TPIS_ECOLI,sp,P0A858,TPIS
sp|P0A862|TPX_ECOLI,sp,P0A862,TPX
sp|P0A867|TALA_ECOLI,sp,P0A867,TALA
sp|P0A870|TALB_ECOLI,sp,P0A870,TALB
sp|P0A873|TRMD_ECOLI,sp,P0A873,TRMD
sp|P0A877|TRPA_ECOLI,sp,P0A877,TRPA
sp|P0A879|TRPB_ECOLI,sp,P0A879,TRPB
sp|P0A881|TRPR_ECOLI,sp,P0A881,TRPR
sp|P0A884|TYSY_ECOLI,sp,P0A884,TYSY
sp|P0A887|UBIE_ECOLI,sp,P0A887,UBIE
sp|P0A890|TUSA_ECOLI,sp,P0A890,TUSA
sp|P0A894|RAPZ_ECOLI,sp,P0A894,RAPZ
sp|P0A898|YBEY_ECOLI,sp,P0A898,YBEY
sp|P0A8A0|YEBC_ECOLI,sp,P0A8A0,YEBC
sp|P0A8A2|YEEN_ECOLI,sp,P0A8A2,YEEN
sp|P0A8A4|PSRP_ECOLI,sp,P0A8A4,PSRP
sp|P0A8A8|RIMP_ECOLI,sp,P0A8A8,RIMP
sp|P0A8B2|YFCN_ECOLI,sp,P0A8B2,YFCN
sp|P0A8B5|YBAB_ECOLI,sp,P0A8B5,YBAB
sp|P0A8C1|YBJQ_ECOLI,sp,P0A8C1,YBJQ
sp|P0A8C4|YGFB_ECOLI,sp,P0A8C4,YGFB
sp|P0A8D0|NRDR_ECOLI,sp,P0A8D0,NRDR
sp|P0A8D3|YAII_ECOLI,sp,P0A8D3,YAII
sp|P0A8D6|YMDB_ECOLI,sp,P0A8D6,YMDB
sp|P0A8E1|YCFP_ECOLI,sp,P0A8E1,YCFP
sp|P0A8E5|YACL_ECOLI,sp,P0A8E5,YACL
sp|P0A8E7|YAJQ_ECOLI,sp,P0A8E7,YAJQ
sp|P0A8F0|UPP_ECOLI,sp,P0A8F0,UPP
sp|P0A8F4|URK_ECOLI,sp,P0A8F4,URK
sp|P0A8F8|UVRB_ECOLI,sp,P0A8F8,UVRB
sp|P0A8G0|UVRC_ECOLI,sp,P0A8G0,UVRC
sp|P0A8G3|UXAC_ECOLI,sp,P0A8G3,UXAC
sp|P0A8G6|NQOR_ECOLI,sp,P0A8G6,NQOR
sp|P0A8G9|EX7S_ECOLI,sp,P0A8G9,EX7S
sp|P0A8H6|YIHI_ECOLI,sp,P0A8H6,YIHI
sp|P0A8H8|YACG_ECOLI,sp,P0A8H8,YACG
sp|P0A8I1|YQGF_ECOLI,sp,P0A8I1,YQGF
sp|P0A8I3|YAAA_ECOLI,sp,P0A8I3,YAAA
sp|P0A8I5|TRMB_ECOLI,sp,P0A8I5,TRMB
sp|P0A8I8|RLMH_ECOLI,sp,P0A8I8,RLMH
sp|P0A8J2|DNAT_ECOLI,sp,P0A8J2,DNAT
sp|P0A8J4|YBED_ECOLI,sp,P0A8J4,YBED
sp|P0A8J8|RHLB_ECOLI,sp,P0A8J8,RHLB
sp|P0A8K1|PSD_ECOLI,sp,P0A8K1,PSD
sp|P0A8K5|YAEP_ECOLI,sp,P0A8K5,YAEP
sp|P0A8K8|YIHY_ECOLI,sp,P0A8K8,YIHY
sp|P0A8L1|SYS_ECOLI,sp,P0A8L1,SYS
sp|P0A8L7|YCIU_ECOLI,sp,P0A8L7,YCIU
sp|P0A8M0|SYN_ECOLI,sp,P0A8M0,SYN
sp|P0A8M3|SYT_ECOLI,sp,P0A8M3,SYT
sp|P0A8M6|YEEX_ECOLI,sp,P0A8M6,YEEX
sp|P0A8N0|MATP_ECOLI,sp,P0A8N0,MATP
sp|P0A8N3|SYK1_ECOLI,sp,P0A8N3,SYK1
sp|P0A8N5|SYK2_ECOLI,sp,P0A8N5,SYK2
sp|P0A8N7|EPMA_ECOLI,sp,P0A8N7,EPMA
sp|P0A8P3|FETP_ECOLI,sp,P0A8P3,FETP
sp|P0A8P6|XERC_ECOLI,sp,P0A8P6,XERC
sp|P0A8P8|XERD_ECOLI,sp,P0A8P8,XERD
sp|P0A8Q0|FRDC_ECOLI,sp,P0A8Q0,FRDC
sp|P0A8Q3|FRDD_ECOLI,sp,P0A8Q3,FRDD
sp|P0A8Q6|CLPS_ECOLI,sp,P0A8Q6,CLPS
sp|P0A8R0|RRAA_ECOLI,sp,P0A8R0,RRAA
sp|P0A8R7|YCJF_ECOLI,sp,P0A8R7,YCJF
sp|P0A8R9|HDFR_ECOLI,sp,P0A8R9,HDFR
sp|P0A8S1|ARGP_ECOLI,sp,P0A8S1,ARGP
sp|P0A8S5|USPB_ECOLI,sp,P0A8S5,USPB
sp|P0A8T1|PRMA_ECOLI,sp,P0A8T1,PRMA
sp|P0A8T7|RPOC_ECOLI,sp,P0A8T7,RPOC
sp|P0A8U0|SYDP_ECOLI,sp,P0A8U0,SYDP
sp|P0A8U2|YAFD_ECOLI,sp,P0A8U2,YAFD
sp|P0A8U6|METJ_ECOLI,sp,P0A8U6,METJ
sp|P0A8V0|RBN_ECOLI,sp,P0A8V0,RBN
sp|P0A8V2|RPOB_ECOLI,sp,P0A8V2,RPOB
sp|P0A8V6|FADR_ECOLI,sp,P0A8V6,FADR
sp|P0A8W0|NANR_ECOLI,sp,P0A8W0,NANR
sp|P0A8W2|SLYA_ECOLI,sp,P0A8W2,SLYA
sp|P0A8W5|YQGE_ECOLI,sp,P0A8W5,YQGE
sp|P0A8W8|YFBU_ECOLI,sp,P0A8W8,YFBU
sp|P0A8X0|YJGA_ECOLI,sp,P0A8X0,YJGA
sp|P0A8X2|YCEI_ECOLI,sp,P0A8X2,YCEI
sp|P0A8Y1|YJJG_ECOLI,sp,P0A8Y1,YJJG
sp|P0A8Y3|YIHX_ECOLI,sp,P0A8Y3,YIHX
sp|P0A8Y5|YIDA_ECOLI,sp,P0A8Y5,YIDA
sp|P0A8Z0|YCIA_ECOLI,sp,P0A8Z0,YCIA
sp|P0A8Z3|YBGC_ECOLI,sp,P0A8Z3,YBGC
sp|P0A8Z7|YQIA_ECOLI,sp,P0A8Z7,YQIA
sp|P0A901|BLC_ECOLI,sp,P0A901,BLC
sp|P0A903|BAMC_ECOLI,sp,P0A903,BAMC
sp|P0A905|SLYB_ECOLI,sp,P0A905,SLYB
sp|P0A908|MIPA_ECOLI,sp,P0A908,MIPA
sp|P0A910|OMPA_ECOLI,sp,P0A910,OMPA
sp|P0A912|PAL_ECOLI,sp,P0A912,PAL
sp|P0A917|OMPX_ECOLI,sp,P0A917,OMPX
sp|P0A921|PA1_ECOLI,sp,P0A921,PA1
sp|P0A927|TSX_ECOLI,sp,P0A927,TSX
sp|P0A932|GFCE_ECOLI,sp,P0A932,GFCE
sp|P0A935|MLTA_ECOLI,sp,P0A935,MLTA
sp|P0A937|BAME_ECOLI,sp,P0A937,BAME
sp|P0A940|BAMA_ECOLI,sp,P0A940,BAMA
sp|P0A944|RIMI_ECOLI,sp,P0A944,RIMI
sp|P0A948|RIMJ_ECOLI,sp,P0A948,RIMJ
sp|P0A951|ATDA_ECOLI,sp,P0A951,ATDA
sp|P0A953|FABB_ECOLI,sp,P0A953,FABB
sp|P0A955|ALKH_ECOLI,sp,P0A955,ALKH
sp|P0A959|ALAA_ECOLI,sp,P0A959,ALAA
sp|P0A962|ASPG1_ECOLI,sp,P0A962,ASPG1
sp|P0A964|CHEW_ECOLI,sp,P0A964,CHEW
sp|P0A968|CSPD_ECOLI,sp,P0A968,CSPD
sp|P0A972|CSPE_ECOLI,sp,P0A972,CSPE
sp|P0A988|DPO3B_ECOLI,sp,P0A988,DPO3B
sp|P0A991|ALF1_ECOLI,sp,P0A991,ALF1
sp|P0A993|F16PA_ECOLI,sp,P0A993,F16PA
sp|P0A996|GLPC_ECOLI,sp,P0A996,GLPC
sp|P0A998|FTNA_ECOLI,sp,P0A998,FTNA
sp|P0A9A6|FTSZ_ECOLI,sp,P0A9A6,FTSZ
sp|P0A9A9|FUR_ECOLI,sp,P0A9A9,FUR
sp|P0A9B2|G3P1_ECOLI,sp,P0A9B2,G3P1
sp|P0A9B6|E4PD_ECOLI,sp,P0A9B6,E4PD
sp|P0A9C0|GLPA_ECOLI,sp,P0A9C0,GLPA
sp|P0A9C3|GALM_ECOLI,sp,P0A9C3,GALM
sp|P0A9C5|GLN1B_ECOLI,sp,P0A9C5,GLN1B
sp|P0A9C9|GLPX_ECOLI,sp,P0A9C9,GLPX
sp|P0A9D2|GSTA_ECOLI,sp,P0A9D2,GSTA
sp|P0A9D4|CYSE_ECOLI,sp,P0A9D4,CYSE
sp|P0A9D8|DAPD_ECOLI,sp,P0A9D8,DAPD
sp|P0A9E5|FNR_ECOLI,sp,P0A9E5,FNR
sp|P0A9F1|MNTR_ECOLI,sp,P0A9F1,MNTR
sp|P0A9F3|CYSB_ECOLI,sp,P0A9F3,CYSB
sp|P0A9F6|GCVA_ECOLI,sp,P0A9F6,GCVA
sp|P0A9F9|METR_ECOLI,sp,P0A9F9,METR
sp|P0A9G2|NHAR_ECOLI,sp,P0A9G2,NHAR
sp|P0A9G4|CUER_ECOLI,sp,P0A9G4,CUER
sp|P0A9G6|ACEA_ECOLI,sp,P0A9G6,ACEA
sp|P0A9G8|MODE_ECOLI,sp,P0A9G8,MODE
sp|P0A9H5|BTUR_ECOLI,sp,P0A9H5,BTUR
sp|P0A9H7|CFA_ECOLI,sp,P0A9H7,CFA
sp|P0A9H9|CHEZ_ECOLI,sp,P0A9H9,CHEZ
sp|P0A9I1|CITE_ECOLI,sp,P0A9I1,CITE
sp|P0A9I8|NIRD_ECOLI,sp,P0A9I8,NIRD
sp|P0A9J0|RNG_ECOLI,sp,P0A9J0,RNG
sp|P0A9J4|PANE_ECOLI,sp,P0A9J4,PANE
sp|P0A9J6|RBSK_ECOLI,sp,P0A9J6,RBSK
sp|P0A9J8|CMPDT_ECOLI,sp,P0A9J8,CMPDT
sp|P0A9K3|PHOL_ECOLI,sp,P0A9K3,PHOL
sp|P0A9K7|PHOU_ECOLI,sp,P0A9K7,PHOU
sp|P0A9K9|SLYD_ECOLI,sp,P0A9K9,SLYD
sp|P0A9L3|FKBB_ECOLI,sp,P0A9L3,FKBB
sp|P0A9L5|PPIC_ECOLI,sp,P0A9L5,PPIC
sp|P0A9L8|P5CR_ECOLI,sp,P0A9L8,P5CR
sp|P0A9M0|LON_ECOLI,sp,P0A9M0,LON
sp|P0A9M2|HPRT_ECOLI,sp,P0A9M2,HPRT
sp|P0A9M5|XGPT_ECOLI,sp,P0A9M5,XGPT
sp|P0A9M8|PTA_ECOLI,sp,P0A9M8,PTA
sp|P0A9N0|PTSO_ECOLI,sp,P0A9N0,PTSO
sp|P0A9N4|PFLA_ECOLI,sp,P0A9N4,PFLA
sp|P0A9N8|NRDG_ECOLI,sp,P0A9N8,NRDG
sp|P0A9P0|DLDH_ECOLI,sp,P0A9P0,DLDH
sp|P0A9P4|TRXB_ECOLI,sp,P0A9P4,TRXB
sp|P0A9P6|DEAD_ECOLI,sp,P0A9P6,DEAD
sp|P0A9Q1|ARCA_ECOLI,sp,P0A9Q1,ARCA
sp|P0A9Q5|ACCD_ECOLI,sp,P0A9Q5,ACCD
sp|P0A9Q7|ADHE_ECOLI,sp,P0A9Q7,ADHE
sp|P0A9Q9|DHAS_ECOLI,sp,P0A9Q9,DHAS
sp|P0A9R4|FER_ECOLI,sp,P0A9R4,FER
sp|P0A9R7|FTSE_ECOLI,sp,P0A9R7,FTSE
sp|P0A9S1|FUCO_ECOLI,sp,P0A9S1,FUCO
sp|P0A9S5|GLDA_ECOLI,sp,P0A9S5,GLDA
sp|P0A9T0|SERA_ECOLI,sp,P0A9T0,SERA
sp|P0A9T4|TAS_ECOLI,sp,P0A9T4,TAS
sp|P0A9T8|YBBA_ECOLI,sp,P0A9T8,YBBA
sp|P0A9U1|YBHF_ECOLI,sp,P0A9U1,YBHF
sp|P0A9U3|YBIT_ECOLI,sp,P0A9U3,YBIT
sp|P0A9V1|LPTB_ECOLI,sp,P0A9V1,LPTB
sp|P0A9V5|YIAG_ECOLI,sp,P0A9V5,YIAG
sp|P0A9W0|ULAR_ECOLI,sp,P0A9W0,ULAR
sp|P0A9W3|ETTA_ECOLI,sp,P0A9W3,ETTA
sp|P0A9W6|IBAG_ECOLI,sp,P0A9W6,IBAG
sp|P0A9W9|YRDA_ECOLI,sp,P0A9W9,YRDA
sp|P0A9X1|ZNUC_ECOLI,sp,P0A9X1,ZNUC
sp|P0A9X4|MREB_ECOLI,sp,P0A9X4,MREB
sp|P0A9X9|CSPA_ECOLI,sp,P0A9X9,CSPA
sp|P0A9Y6|CSPC_ECOLI,sp,P0A9Y6,CSPC
sp|P0A9Z1|GLNB_ECOLI,sp,P0A9Z1,GLNB
sp|P0AA04|PTHP_ECOLI,sp,P0AA04,PTHP
sp|P0AA10|RL13_ECOLI,sp,P0AA10,RL13
sp|P0AA16|OMPR_ECOLI,sp,P0AA16,OMPR
sp|P0AA25|THIO_ECOLI,sp,P0AA25,THIO
sp|P0AA37|RLUA_ECOLI,sp,P0AA37,RLUA
sp|P0AA39|RLUC_ECOLI,sp,P0AA39,RLUC
sp|P0AA41|TRUC_ECOLI,sp,P0AA41,TRUC
sp|P0AA43|RSUA_ECOLI,sp,P0AA43,RSUA
sp|P0AA47|PLAP_ECOLI,sp,P0AA47,PLAP
sp|P0AA53|QMCA_ECOLI,sp,P0AA53,QMCA
sp|P0AA60|YGHB_ECOLI,sp,P0AA60,YGHB
sp|P0AA63|YQJA_ECOLI,sp,P0AA63,YQJA
sp|P0AA73|YHBE_ECOLI,sp,P0AA73,YHBE
sp|P0AA82|CODB_ECOLI,sp,P0AA82,CODB
sp|P0AA84|CLSB_ECOLI,sp,P0AA84,CLSB
sp|P0AA86|DSBE_ECOLI,sp,P0AA86,DSBE
sp|P0AA91|YEAY_ECOLI,sp,P0AA91,YEAY
sp|P0AA93|YPDA_ECOLI,sp,P0AA93,YPDA
sp|P0AA95|YACC_ECOLI,sp,P0AA95,YACC
sp|P0AA97|YAEQ_ECOLI,sp,P0AA97,YAEQ
sp|P0AAA1|YAGU_ECOLI,sp,P0AAA1,YAGU
sp|P0AAA7|WZXE_ECOLI,sp,P0AAA7,WZXE
sp|P0AAB4|UBID_ECOLI,sp,P0AAB4,UBID
sp|P0AAB8|USPD_ECOLI,sp,P0AAB8,USPD
sp|P0AAC0|USPE_ECOLI,sp,P0AAC0,USPE
sp|P0AAC4|YBHL_ECOLI,sp,P0AAC4,YBHL
sp|P0AAC6|YCCA_ECOLI,sp,P0AAC6,YCCA
sp|P0AAC8|ISCA_ECOLI,sp,P0AAC8,ISCA
sp|P0AAD6|SDAC_ECOLI,sp,P0AAD6,SDAC
sp|P0AAE0|CYCA_ECOLI,sp,P0AAE0,CYCA
sp|P0AAE2|PROY_ECOLI,sp,P0AAE2,PROY
sp|P0AAF6|ARTP_ECOLI,sp,P0AAF6,ARTP
sp|P0AAG3|GLTL_ECOLI,sp,P0AAG3,GLTL
sp|P0AAG5|MDLB_ECOLI,sp,P0AAG5,MDLB
sp|P0AAH0|PSTB_ECOLI,sp,P0AAH0,PSTB
sp|P0AAH4|SAPD_ECOLI,sp,P0AAH4,SAPD
sp|P0AAH8|SAPF_ECOLI,sp,P0AAH8,SAPF
sp|P0AAI3|FTSH_ECOLI,sp,P0AAI3,FTSH
sp|P0AAI5|FABF_ECOLI,sp,P0AAI5,FABF
sp|P0AAI9|FABD_ECOLI,sp,P0AAI9,FABD
sp|P0AAJ1|YNFG_ECOLI,sp,P0AAJ1,YNFG
sp|P0AAJ3|FDNH_ECOLI,sp,P0AAJ3,FDNH
sp|P0AAJ5|FDOH_ECOLI,sp,P0AAJ5,FDOH
sp|P0AAJ8|HYBA_ECOLI,sp,P0AAJ8,HYBA
sp|P0AAK1|HYCB_ECOLI,sp,P0AAK1,HYCB
sp|P0AAK4|HYDN_ECOLI,sp,P0AAK4,HYDN
sp|P0AAK7|NRFC_ECOLI,sp,P0AAK7,NRFC
sp|P0AAL6|YDHY_ECOLI,sp,P0AAL6,YDHY
sp|P0AAM1|CYBH_ECOLI,sp,P0AAM1,CYBH
sp|P0AAM3|HYPC_ECOLI,sp,P0AAM3,HYPC
sp|P0AAM7|HYBG_ECOLI,sp,P0AAM7,HYBG
sp|P0AAN1|HYBE_ECOLI,sp,P0AAN1,HYBE
sp|P0AAN3|HYPB_ECOLI,sp,P0AAN3,HYPB
sp|P0AAN5|YAIA_ECOLI,sp,P0AAN5,YAIA
sp|P0AAN9|IRAP_ECOLI,sp,P0AAN9,IRAP
sp|P0AAP3|FRMR_ECOLI,sp,P0AAP3,FRMR
sp|P0AAQ2|YAJD_ECOLI,sp,P0AAQ2,YAJD
sp|P0AAR3|YBAK_ECOLI,sp,P0AAR3,YBAK
sp|P0AAS7|YBCJ_ECOLI,sp,P0AAS7,YBCJ
sp|P0AAT2|YBDF_ECOLI,sp,P0AAT2,YBDF
sp|P0AAT4|YBDG_ECOLI,sp,P0AAT4,YBDG
sp|P0AAT6|IOJAP_ECOLI,sp,P0AAT6,IOJAP
sp|P0AAT9|YBEL_ECOLI,sp,P0AAT9,YBEL
sp|P0AAU2|YBFA_ECOLI,sp,P0AAU2,YBFA
sp|P0AAU7|YBFE_ECOLI,sp,P0AAU7,YBFE
sp|P0AAV4|PXPB_ECOLI,sp,P0AAV4,PXPB
sp|P0AAV6|YBGS_ECOLI,sp,P0AAV6,YBGS
sp|P0AAW1|YBHP_ECOLI,sp,P0AAW1,YBHP
sp|P0AAX8|YBIS_ECOLI,sp,P0AAX8,YBIS
sp|P0AAY6|YBJN_ECOLI,sp,P0AAY6,YBJN
sp|P0AAZ4|RARA_ECOLI,sp,P0AAZ4,RARA
sp|P0AAZ7|YCAR_ECOLI,sp,P0AAZ7,YCAR
sp|P0AB01|ELYC_ECOLI,sp,P0AB01,ELYC
sp|P0AB03|YCBJ_ECOLI,sp,P0AB03,YCBJ
sp|P0AB06|YCBK_ECOLI,sp,P0AB06,YCBK
sp|P0AB10|PQIC_ECOLI,sp,P0AB10,PQIC
sp|P0AB12|YCCF_ECOLI,sp,P0AB12,YCCF
sp|P0AB14|YCCJ_ECOLI,sp,P0AB14,YCCJ
sp|P0AB18|TUSE_ECOLI,sp,P0AB18,TUSE
sp|P0AB20|HSPQ_ECOLI,sp,P0AB20,HSPQ
sp|P0AB26|YCEB_ECOLI,sp,P0AB26,YCEB
sp|P0AB28|YCED_ECOLI,sp,P0AB28,YCED
sp|P0AB38|LPOB_ECOLI,sp,P0AB38,LPOB
sp|P0AB43|YCGL_ECOLI,sp,P0AB43,YCGL
sp|P0AB46|YMGD_ECOLI,sp,P0AB46,YMGD
sp|P0AB52|YCHN_ECOLI,sp,P0AB52,YCHN
sp|P0AB55|YCII_ECOLI,sp,P0AB55,YCII
sp|P0AB58|LAPB_ECOLI,sp,P0AB58,LAPB
sp|P0AB61|YCIN_ECOLI,sp,P0AB61,YCIN
sp|P0AB65|ACYP_ECOLI,sp,P0AB65,ACYP
sp|P0AB67|PNTB_ECOLI,sp,P0AB67,PNTB
sp|P0AB71|ALF_ECOLI,sp,P0AB71,ALF
sp|P0AB77|KBL_ECOLI,sp,P0AB77,KBL
sp|P0AB80|ILVE_ECOLI,sp,P0AB80,ILVE
sp|P0AB83|END3_ECOLI,sp,P0AB83,END3
sp|P0AB85|APBE_ECOLI,sp,P0AB85,APBE
sp|P0AB89|PUR8_ECOLI,sp,P0AB89,PUR8
sp|P0AB91|AROG_ECOLI,sp,P0AB91,AROG
sp|P0AB98|ATP6_ECOLI,sp,P0AB98,ATP6
sp|P0ABA0|ATPF_ECOLI,sp,P0ABA0,ATPF
sp|P0ABA4|ATPD_ECOLI,sp,P0ABA4,ATPD
sp|P0ABA6|ATPG_ECOLI,sp,P0ABA6,ATPG
sp|P0ABB0|ATPA_ECOLI,sp,P0ABB0,ATPA
sp|P0ABB4|ATPB_ECOLI,sp,P0ABB4,ATPB
sp|P0ABC3|HFLC_ECOLI,sp,P0ABC3,HFLC
sp|P0ABC7|HFLK_ECOLI,sp,P0ABC7,HFLK
sp|P0ABD3|BFR_ECOLI,sp,P0ABD3,BFR
sp|P0ABD5|ACCA_ECOLI,sp,P0ABD5,ACCA
sp|P0ABD8|BCCP_ECOLI,sp,P0ABD8,BCCP
sp|P0ABE2|BOLA_ECOLI,sp,P0ABE2,BOLA
sp|P0ABF1|PCNB_ECOLI,sp,P0ABF1,PCNB
sp|P0ABF6|CDD_ECOLI,sp,P0ABF6,CDD
sp|P0ABF8|PGSA_ECOLI,sp,P0ABF8,PGSA
sp|P0ABG4|FTSW_ECOLI,sp,P0ABG4,FTSW
sp|P0ABG7|RODA_ECOLI,sp,P0ABG7,RODA
sp|P0ABH0|FTSA_ECOLI,sp,P0ABH0,FTSA
sp|P0ABH7|CISY_ECOLI,sp,P0ABH7,CISY
sp|P0ABH9|CLPA_ECOLI,sp,P0ABH9,CLPA
sp|P0ABI4|CORA_ECOLI,sp,P0ABI4,CORA
sp|P0ABJ9|CYDA_ECOLI,sp,P0ABJ9,CYDA
sp|P0ABK2|CYDB_ECOLI,sp,P0ABK2,CYDB
sp|P0ABK5|CYSK_ECOLI,sp,P0ABK5,CYSK
sp|P0ABK9|NRFA_ECOLI,sp,P0ABK9,NRFA
sp|P0ABL1|NRFB_ECOLI,sp,P0ABL1,NRFB
sp|P0ABM1|CCMC_ECOLI,sp,P0ABM1,CCMC
sp|P0ABM9|CCMH_ECOLI,sp,P0ABM9,CCMH
sp|P0ABN1|KDGL_ECOLI,sp,P0ABN1,KDGL
sp|P0ABN5|DCUA_ECOLI,sp,P0ABN5,DCUA
sp|P0ABN9|DCUB_ECOLI,sp,P0ABN9,DCUB
sp|P0ABP3|DCUC_ECOLI,sp,P0ABP3,DCUC
sp|P0ABP8|DEOD_ECOLI,sp,P0ABP8,DEOD
sp|P0ABQ0|COABC_ECOLI,sp,P0ABQ0,COABC
sp|P0ABQ2|GARR_ECOLI,sp,P0ABQ2,GARR
sp|P0ABQ4|DYR_ECOLI,sp,P0ABQ4,DYR
sp|P0ABR1|DINI_ECOLI,sp,P0ABR1,DINI
sp|P0ABS1|DKSA_ECOLI,sp,P0ABS1,DKSA
sp|P0ABS5|DNAG_ECOLI,sp,P0ABS5,DNAG
sp|P0ABT2|DPS_ECOLI,sp,P0ABT2,DPS
sp|P0ABT5|DUSB_ECOLI,sp,P0ABT5,DUSB
sp|P0ABU0|MENB_ECOLI,sp,P0ABU0,MENB
sp|P0ABU2|YCHF_ECOLI,sp,P0ABU2,YCHF
sp|P0ABU5|ELBB_ECOLI,sp,P0ABU5,ELBB
sp|P0ABU7|EXBB_ECOLI,sp,P0ABU7,EXBB
sp|P0ABU9|TOLQ_ECOLI,sp,P0ABU9,TOLQ
sp|P0ABV2|EXBD_ECOLI,sp,P0ABV2,EXBD
sp|P0ABV6|TOLR_ECOLI,sp,P0ABV6,TOLR
sp|P0ABX8|FLIL_ECOLI,sp,P0ABX8,FLIL
sp|P0ABY4|FLAW_ECOLI,sp,P0ABY4,FLAW
sp|P0ABY7|FLHC_ECOLI,sp,P0ABY7,FLHC
sp|P0ABZ1|FLIG_ECOLI,sp,P0ABZ1,FLIG
sp|P0ABZ4|KDSC_ECOLI,sp,P0ABZ4,KDSC
sp|P0ABZ6|SURA_ECOLI,sp,P0ABZ6,SURA
sp|P0AC02|BAMD_ECOLI,sp,P0AC02,BAMD
sp|P0AC13|DHPS_ECOLI,sp,P0AC13,DHPS
sp|P0AC16|FOLB_ECOLI,sp,P0AC16,FOLB
sp|P0AC19|FOLX_ECOLI,sp,P0AC19,FOLX
sp|P0AC23|FOCA_ECOLI,sp,P0AC23,FOCA
sp|P0AC28|5FCL_ECOLI,sp,P0AC28,5FCL
sp|P0AC30|FTSX_ECOLI,sp,P0AC30,FTSX
sp|P0AC33|FUMA_ECOLI,sp,P0AC33,FUMA
sp|P0AC35|TTDB_ECOLI,sp,P0AC35,TTDB
sp|P0AC38|ASPA_ECOLI,sp,P0AC38,ASPA
sp|P0AC41|SDHA_ECOLI,sp,P0AC41,SDHA
sp|P0AC47|FRDB_ECOLI,sp,P0AC47,FRDB
sp|P0AC51|ZUR_ECOLI,sp,P0AC51,ZUR
sp|P0AC53|G6PD_ECOLI,sp,P0AC53,G6PD
sp|P0AC59|GLRX2_ECOLI,sp,P0AC59,GLRX2
sp|P0AC62|GLRX3_ECOLI,sp,P0AC62,GLRX3
sp|P0AC69|GLRX4_ECOLI,sp,P0AC69,GLRX4
sp|P0AC75|KDTA_ECOLI,sp,P0AC75,KDTA
sp|P0AC78|WECA_ECOLI,sp,P0AC78,WECA
sp|P0AC81|LGUL_ECOLI,sp,P0AC81,LGUL
sp|P0AC84|GLO2_ECOLI,sp,P0AC84,GLO2
sp|P0AC86|PHSG_ECOLI,sp,P0AC86,PHSG
sp|P0AC92|GNSA_ECOLI,sp,P0AC92,GNSA
sp|P0AC96|GNTU_ECOLI,sp,P0AC96,GNTU
sp|P0AC98|SATP_ECOLI,sp,P0AC98,SATP
sp|P0ACA1|YIBF_ECOLI,sp,P0ACA1,YIBF
sp|P0ACA3|SSPA_ECOLI,sp,P0ACA3,SSPA
sp|P0ACA7|GSTB_ECOLI,sp,P0ACA7,GSTB
sp|P0ACB0|DNAB_ECOLI,sp,P0ACB0,DNAB
sp|P0ACB2|HEM2_ECOLI,sp,P0ACB2,HEM2
sp|P0ACB4|HEMG_ECOLI,sp,P0ACB4,HEMG
sp|P0ACB7|HEMY_ECOLI,sp,P0ACB7,HEMY
sp|P0ACC1|PRMC_ECOLI,sp,P0ACC1,PRMC
sp|P0ACC3|ERPA_ECOLI,sp,P0ACC3,ERPA
sp|P0ACC7|GLMU_ECOLI,sp,P0ACC7,GLMU
sp|P0ACD4|ISCU_ECOLI,sp,P0ACD4,ISCU
sp|P0ACD8|MBHL_ECOLI,sp,P0ACD8,MBHL
sp|P0ACE0|MBHM_ECOLI,sp,P0ACE0,MBHM
sp|P0ACE3|HHA_ECOLI,sp,P0ACE3,HHA
sp|P0ACE7|HINT_ECOLI,sp,P0ACE7,HINT
sp|P0ACF0|DBHA_ECOLI,sp,P0ACF0,DBHA
sp|P0ACF4|DBHB_ECOLI,sp,P0ACF4,DBHB
sp|P0ACF8|HNS_ECOLI,sp,P0ACF8,HNS
sp|P0ACG1|STPA_ECOLI,sp,P0ACG1,STPA
sp|P0ACG8|HSLR_ECOLI,sp,P0ACG8,HSLR
sp|P0ACH5|MARA_ECOLI,sp,P0ACH5,MARA
sp|P0ACH8|MELR_ECOLI,sp,P0ACH8,MELR
sp|P0ACI0|ROB_ECOLI,sp,P0ACI0,ROB
sp|P0ACI3|XYLR_ECOLI,sp,P0ACI3,XYLR
sp|P0ACI6|ASNC_ECOLI,sp,P0ACI6,ASNC
sp|P0ACJ0|LRP_ECOLI,sp,P0ACJ0,LRP
sp|P0ACJ8|CRP_ECOLI,sp,P0ACJ8,CRP
sp|P0ACK2|AGAR_ECOLI,sp,P0ACK2,AGAR
sp|P0ACK5|DEOR_ECOLI,sp,P0ACK5,DEOR
sp|P0ACK8|FUCR_ECOLI,sp,P0ACK8,FUCR
sp|P0ACL0|GLPR_ECOLI,sp,P0ACL0,GLPR
sp|P0ACL2|EXUR_ECOLI,sp,P0ACL2,EXUR
sp|P0ACL9|PDHR_ECOLI,sp,P0ACL9,PDHR
sp|P0ACM2|RSPR_ECOLI,sp,P0ACM2,RSPR
sp|P0ACM5|YEGW_ECOLI,sp,P0ACM5,YEGW
sp|P0ACN2|YTFH_ECOLI,sp,P0ACN2,YTFH
sp|P0ACN4|ALLR_ECOLI,sp,P0ACN4,ALLR
sp|P0ACN7|CYTR_ECOLI,sp,P0ACN7,CYTR
sp|P0ACP1|CRA_ECOLI,sp,P0ACP1,CRA
sp|P0ACP5|GNTR_ECOLI,sp,P0ACP5,GNTR
sp|P0ACP7|PURR_ECOLI,sp,P0ACP7,PURR
sp|P0ACQ0|RBSR_ECOLI,sp,P0ACQ0,RBSR
sp|P0ACQ4|OXYR_ECOLI,sp,P0ACQ4,OXYR
sp|P0ACR4|YEIE_ECOLI,sp,P0ACR4,YEIE
sp|P0ACR7|YFER_ECOLI,sp,P0ACR7,YFER
sp|P0ACR9|MPRA_ECOLI,sp,P0ACR9,MPRA
sp|P0ACS2|SOXR_ECOLI,sp,P0ACS2,SOXR
sp|P0ACS5|ZNTR_ECOLI,sp,P0ACS5,ZNTR
sp|P0ACS7|RPIR_ECOLI,sp,P0ACS7,RPIR
sp|P0ACS9|ACRR_ECOLI,sp,P0ACS9,ACRR
sp|P0ACT6|UIDR_ECOLI,sp,P0ACT6,UIDR
sp|P0ACU0|CECR_ECOLI,sp,P0ACU0,CECR
sp|P0ACU2|RUTR_ECOLI,sp,P0ACU2,RUTR
sp|P0ACU5|FABR_ECOLI,sp,P0ACU5,FABR
sp|P0ACU7|YJDC_ECOLI,sp,P0ACU7,YJDC
sp|P0ACV0|LPXL_ECOLI,sp,P0ACV0,LPXL
sp|P0ACW6|YDCH_ECOLI,sp,P0ACW6,YDCH
sp|P0ACX3|YDHR_ECOLI,sp,P0ACX3,YDHR
sp|P0ACX5|FUMD_ECOLI,sp,P0ACX5,FUMD
sp|P0ACY1|YDJA_ECOLI,sp,P0ACY1,YDJA
sp|P0ACY3|YEAG_ECOLI,sp,P0ACY3,YEAG
sp|P0ACZ2|ETP_ECOLI,sp,P0ACZ2,ETP
sp|P0ACZ4|EVGA_ECOLI,sp,P0ACZ4,EVGA
sp|P0ACZ8|CUSR_ECOLI,sp,P0ACZ8,CUSR
sp|P0AD01|DCUR_ECOLI,sp,P0AD01,DCUR
sp|P0AD05|YECA_ECOLI,sp,P0AD05,YECA
sp|P0AD07|YECF_ECOLI,sp,P0AD07,YECF
sp|P0AD12|YEEZ_ECOLI,sp,P0AD12,YEEZ
sp|P0AD14|BTSS_ECOLI,sp,P0AD14,BTSS
sp|P0AD19|YOHK_ECOLI,sp,P0AD19,YOHK
sp|P0AD24|YEJL_ECOLI,sp,P0AD24,YEJL
sp|P0AD27|YEJM_ECOLI,sp,P0AD27,YEJM
sp|P0AD30|YFCA_ECOLI,sp,P0AD30,YFCA
sp|P0AD33|YFCZ_ECOLI,sp,P0AD33,YFCZ
sp|P0AD37|YFEC_ECOLI,sp,P0AD37,YFEC
sp|P0AD42|PGPC_ECOLI,sp,P0AD42,PGPC
sp|P0AD44|YFHG_ECOLI,sp,P0AD44,YFHG
sp|P0AD49|YFIA_ECOLI,sp,P0AD49,YFIA
sp|P0AD57|ISPB_ECOLI,sp,P0AD57,ISPB
sp|P0AD59|IVY_ECOLI,sp,P0AD59,IVY
sp|P0AD61|KPYK1_ECOLI,sp,P0AD61,KPYK1
sp|P0AD65|MRDA_ECOLI,sp,P0AD65,MRDA
sp|P0AD68|FTSI_ECOLI,sp,P0AD68,FTSI
sp|P0AD70|AMPH_ECOLI,sp,P0AD70,AMPH
sp|P0AD96|LIVJ_ECOLI,sp,P0AD96,LIVJ
sp|P0AD99|BRNQ_ECOLI,sp,P0AD99,BRNQ
sp|P0ADA1|TESA_ECOLI,sp,P0ADA1,TESA
sp|P0ADA3|NLPD_ECOLI,sp,P0ADA3,NLPD
sp|P0ADA5|YAJG_ECOLI,sp,P0ADA5,YAJG
sp|P0ADB1|OSME_ECOLI,sp,P0ADB1,OSME
sp|P0ADB7|ECNB_ECOLI,sp,P0ADB7,ECNB
sp|P0ADC1|LPTE_ECOLI,sp,P0ADC1,LPTE
sp|P0ADC3|LOLC_ECOLI,sp,P0ADC3,LOLC
sp|P0ADC6|LPTG_ECOLI,sp,P0ADC6,LPTG
sp|P0ADD5|YJJP_ECOLI,sp,P0ADD5,YJJP
sp|P0ADE4|TAMA_ECOLI,sp,P0ADE4,TAMA
sp|P0ADE6|KBP_ECOLI,sp,P0ADE6,KBP
sp|P0ADE8|YGFZ_ECOLI,sp,P0ADE8,YGFZ
sp|P0ADF6|EDD_ECOLI,sp,P0ADF6,EDD
sp|P0ADF8|ILVN_ECOLI,sp,P0ADF8,ILVN
sp|P0ADG4|SUHB_ECOLI,sp,P0ADG4,SUHB
sp|P0ADG7|IMDH_ECOLI,sp,P0ADG7,IMDH
sp|P0ADI7|YECD_ECOLI,sp,P0ADI7,YECD
sp|P0ADJ5|BCSF_ECOLI,sp,P0ADJ5,BCSF
sp|P0ADK0|YIAF_ECOLI,sp,P0ADK0,YIAF
sp|P0ADK8|YIBL_ECOLI,sp,P0ADK8,YIBL
sp|P0ADL3|YICN_ECOLI,sp,P0ADL3,YICN
sp|P0ADM4|YIDQ_ECOLI,sp,P0ADM4,YIDQ
sp|P0ADM8|YIEE_ECOLI,sp,P0ADM8,YIEE
sp|P0ADN0|VIAA_ECOLI,sp,P0ADN0,VIAA
sp|P0ADN2|YIFE_ECOLI,sp,P0ADN2,YIFE
sp|P0ADN6|YIFL_ECOLI,sp,P0ADN6,YIFL
sp|P0ADP0|YIGB_ECOLI,sp,P0ADP0,YIGB
sp|P0ADP7|UBIJ_ECOLI,sp,P0ADP7,UBIJ
sp|P0ADP9|YIHD_ECOLI,sp,P0ADP9,YIHD
sp|P0ADQ2|FABY_ECOLI,sp,P0ADQ2,FABY
sp|P0ADQ7|YGAM_ECOLI,sp,P0ADQ7,YGAM
sp|P0ADR6|RLMM_ECOLI,sp,P0ADR6,RLMM
sp|P0ADR8|PPNN_ECOLI,sp,P0ADR8,PPNN
sp|P0ADS2|ZAPA_ECOLI,sp,P0ADS2,ZAPA
sp|P0ADS6|YGGE_ECOLI,sp,P0ADS6,YGGE
sp|P0ADS9|YGGN_ECOLI,sp,P0ADS9,YGGN
sp|P0ADT2|YGIB_ECOLI,sp,P0ADT2,YGIB
sp|P0ADT5|YGIC_ECOLI,sp,P0ADT5,YGIC
sp|P0ADT8|YGIM_ECOLI,sp,P0ADT8,YGIM
sp|P0ADU2|YGIN_ECOLI,sp,P0ADU2,YGIN
sp|P0ADU5|YGIW_ECOLI,sp,P0ADU5,YGIW
sp|P0ADU7|YQIB_ECOLI,sp,P0ADU7,YQIB
sp|P0ADV1|LPTA_ECOLI,sp,P0ADV1,LPTA
sp|P0ADV5|YHBW_ECOLI,sp,P0ADV5,YHBW
sp|P0ADV7|MLAC_ECOLI,sp,P0ADV7,MLAC
sp|P0ADV9|LPTC_ECOLI,sp,P0ADV9,LPTC
sp|P0ADW3|ZAPG_ECOLI,sp,P0ADW3,ZAPG
sp|P0ADW6|YHCC_ECOLI,sp,P0ADW6,YHCC
sp|P0ADX1|YHFA_ECOLI,sp,P0ADX1,YHFA
sp|P0ADX7|YHHA_ECOLI,sp,P0ADX7,YHHA
sp|P0ADX9|RSMD_ECOLI,sp,P0ADX9,RSMD
sp|P0ADY1|PPID_ECOLI,sp,P0ADY1,PPID
sp|P0ADY3|RL14_ECOLI,sp,P0ADY3,RL14
sp|P0ADY7|RL16_ECOLI,sp,P0ADY7,RL16
sp|P0ADZ0|RL23_ECOLI,sp,P0ADZ0,RL23
sp|P0ADZ4|RS15_ECOLI,sp,P0ADZ4,RS15
sp|P0ADZ7|YAJC_ECOLI,sp,P0ADZ7,YAJC
sp|P0AE01|TRMJ_ECOLI,sp,P0AE01,TRMJ
sp|P0AE06|ACRA_ECOLI,sp,P0AE06,ACRA
sp|P0AE08|AHPC_ECOLI,sp,P0AE08,AHPC
sp|P0AE12|AMN_ECOLI,sp,P0AE12,AMN
sp|P0AE14|AMPE_ECOLI,sp,P0AE14,AMPE
sp|P0AE16|AMPG_ECOLI,sp,P0AE16,AMPG
sp|P0AE18|MAP1_ECOLI,sp,P0AE18,MAP1
sp|P0AE22|APHA_ECOLI,sp,P0AE22,APHA
sp|P0AE28|AROM_ECOLI,sp,P0AE28,AROM
sp|P0AE30|ARTM_ECOLI,sp,P0AE30,ARTM
sp|P0AE34|ARTQ_ECOLI,sp,P0AE34,ARTQ
sp|P0AE39|YPDB_ECOLI,sp,P0AE39,YPDB
sp|P0AE45|PAEA_ECOLI,sp,P0AE45,PAEA
sp|P0AE48|YTFP_ECOLI,sp,P0AE48,YTFP
sp|P0AE52|BCP_ECOLI,sp,P0AE52,BCP
sp|P0AE58|CAIF_ECOLI,sp,P0AE58,CAIF
sp|P0AE60|CEDA_ECOLI,sp,P0AE60,CEDA
sp|P0AE63|CHAB_ECOLI,sp,P0AE63,CHAB
sp|P0AE67|CHEY_ECOLI,sp,P0AE67,CHEY
sp|P0AE70|MAZF_ECOLI,sp,P0AE70,MAZF
sp|P0AE72|MAZE_ECOLI,sp,P0AE72,MAZE
sp|P0AE74|CITT_ECOLI,sp,P0AE74,CITT
sp|P0AE76|COBU_ECOLI,sp,P0AE76,COBU
sp|P0AE78|CORC_ECOLI,sp,P0AE78,CORC
sp|P0AE82|CPXA_ECOLI,sp,P0AE82,CPXA
sp|P0AE85|CPXP_ECOLI,sp,P0AE85,CPXP
sp|P0AE88|CPXR_ECOLI,sp,P0AE88,CPXR
sp|P0AE91|CREA_ECOLI,sp,P0AE91,CREA
sp|P0AEA8|CYSG_ECOLI,sp,P0AEA8,CYSG
sp|P0AEB2|DACA_ECOLI,sp,P0AEB2,DACA
sp|P0AEB5|YNAI_ECOLI,sp,P0AEB5,YNAI
sp|P0AEB7|YOAB_ECOLI,sp,P0AEB7,YOAB
sp|P0AEC0|YOAE_ECOLI,sp,P0AEC0,YOAE
sp|P0AEC3|ARCB_ECOLI,sp,P0AEC3,ARCB
sp|P0AEC5|BARA_ECOLI,sp,P0AEC5,BARA
sp|P0AEC8|DCUS_ECOLI,sp,P0AEC8,DCUS
sp|P0AED0|USPA_ECOLI,sp,P0AED0,USPA
sp|P0AED5|UVRY_ECOLI,sp,P0AED5,UVRY
sp|P0AED7|DAPE_ECOLI,sp,P0AED7,DAPE
sp|P0AED9|DCM_ECOLI,sp,P0AED9,DCM
sp|P0AEE1|DCRB_ECOLI,sp,P0AEE1,DCRB
sp|P0AEE3|DEGS_ECOLI,sp,P0AEE3,DEGS
sp|P0AEE8|DMA_ECOLI,sp,P0AEE8,DMA
sp|P0AEF0|DNAC_ECOLI,sp,P0AEF0,DNAC
sp|P0AEF4|DPIA_ECOLI,sp,P0AEF4,DPIA
sp|P0AEG4|DSBA_ECOLI,sp,P0AEG4,DSBA
sp|P0AEG6|DSBC_ECOLI,sp,P0AEG6,DSBC
sp|P0AEH1|RSEP_ECOLI,sp,P0AEH1,RSEP
sp|P0AEH5|ELAB_ECOLI,sp,P0AEH5,ELAB
sp|P0AEH8|YJIG_ECOLI,sp,P0AEH8,YJIG
sp|P0AEI1|MIAB_ECOLI,sp,P0AEI1,MIAB
sp|P0AEI4|RIMO_ECOLI,sp,P0AEI4,RIMO
sp|P0AEI6|NUDJ_ECOLI,sp,P0AEI6,NUDJ
sp|P0AEJ0|EMRB_ECOLI,sp,P0AEJ0,EMRB
sp|P0AEJ4|ENVZ_ECOLI,sp,P0AEJ4,ENVZ
sp|P0AEJ6|EUTB_ECOLI,sp,P0AEJ6,EUTB
sp|P0AEK0|EXOX_ECOLI,sp,P0AEK0,EXOX
sp|P0AEK2|FABG_ECOLI,sp,P0AEK2,FABG
sp|P0AEK4|FABI_ECOLI,sp,P0AEK4,FABI
sp|P0AEK7|FDNI_ECOLI,sp,P0AEK7,FDNI
sp|P0AEL0|FDOI_ECOLI,sp,P0AEL0,FDOI
sp|P0AEL3|FEOA_ECOLI,sp,P0AEL3,FEOA
sp|P0AEL6|FEPB_ECOLI,sp,P0AEL6,FEPB
sp|P0AEM0|FKBX_ECOLI,sp,P0AEM0,FKBX
sp|P0AEM4|FLGM_ECOLI,sp,P0AEM4,FLGM
sp|P0AEM6|FLIA_ECOLI,sp,P0AEM6,FLIA
sp|P0AEM9|TCYJ_ECOLI,sp,P0AEM9,TCYJ
sp|P0AEN1|FRE_ECOLI,sp,P0AEN1,FRE
sp|P0AEN4|FTSL_ECOLI,sp,P0AEN4,FTSL
sp|P0AEN8|FUCM_ECOLI,sp,P0AEN8,FUCM
sp|P0AEP3|GALU_ECOLI,sp,P0AEP3,GALU
sp|P0AEQ1|GLCG_ECOLI,sp,P0AEQ1,GLCG
sp|P0AEQ3|GLNH_ECOLI,sp,P0AEQ3,GLNH
sp|P0AEQ6|GLNP_ECOLI,sp,P0AEQ6,GLNP
sp|P0AES0|GSP_ECOLI,sp,P0AES0,GSP
sp|P0AES2|GUDD_ECOLI,sp,P0AES2,GUDD
sp|P0AES4|GYRA_ECOLI,sp,P0AES4,GYRA
sp|P0AES6|GYRB_ECOLI,sp,P0AES6,GYRB
sp|P0AET2|HDEB_ECOLI,sp,P0AET2,HDEB
sp|P0AET5|HDED_ECOLI,sp,P0AET5,HDED
sp|P0AET8|HDHA_ECOLI,sp,P0AET8,HDHA
sp|P0AEU0|HISJ_ECOLI,sp,P0AEU0,HISJ
sp|P0AEU7|SKP_ECOLI,sp,P0AEU7,SKP
sp|P0AEV1|RSSB_ECOLI,sp,P0AEV1,RSSB
sp|P0AEV4|HYCA_ECOLI,sp,P0AEV4,HYCA
sp|P0AEV7|HYCH_ECOLI,sp,P0AEV7,HYCH
sp|P0AEV9|HYCI_ECOLI,sp,P0AEV9,HYCI
sp|P0AEW4|CPDA_ECOLI,sp,P0AEW4,CPDA
sp|P0AEW6|INGK_ECOLI,sp,P0AEW6,INGK
sp|P0AEW9|K1PF_ECOLI,sp,P0AEW9,K1PF
sp|P0AEX5|KPPR_ECOLI,sp,P0AEX5,KPPR
sp|P0AEX9|MALE_ECOLI,sp,P0AEX9,MALE
sp|P0AEY3|MAZG_ECOLI,sp,P0AEY3,MAZG
sp|P0AEY5|MDAB_ECOLI,sp,P0AEY5,MDAB
sp|P0AEY8|MDFA_ECOLI,sp,P0AEY8,MDFA
sp|P0AEZ1|METF_ECOLI,sp,P0AEZ1,METF
sp|P0AEZ3|MIND_ECOLI,sp,P0AEZ3,MIND
sp|P0AEZ9|MOAB_ECOLI,sp,P0AEZ9,MOAB
sp|P0AF01|MODB_ECOLI,sp,P0AF01,MODB
sp|P0AF03|MOG_ECOLI,sp,P0AF03,MOG
sp|P0AF08|APBC_ECOLI,sp,P0AF08,APBC
sp|P0AF12|MTNN_ECOLI,sp,P0AF12,MTNN
sp|P0AF16|MURJ_ECOLI,sp,P0AF16,MURJ
sp|P0AF18|NAGA_ECOLI,sp,P0AF18,NAGA
sp|P0AF20|NAGC_ECOLI,sp,P0AF20,NAGC
sp|P0AF24|NAGD_ECOLI,sp,P0AF24,NAGD
sp|P0AF26|NARJ_ECOLI,sp,P0AF26,NARJ
sp|P0AF28|NARL_ECOLI,sp,P0AF28,NARL
sp|P0AF36|ZAPB_ECOLI,sp,P0AF36,ZAPB
sp|P0AF48|YJBQ_ECOLI,sp,P0AF48,YJBQ
sp|P0AF50|YJBR_ECOLI,sp,P0AF50,YJBR
sp|P0AF52|GHXP_ECOLI,sp,P0AF52,GHXP
sp|P0AF56|YJCO_ECOLI,sp,P0AF56,YJCO
sp|P0AF61|GHOS_ECOLI,sp,P0AF61,GHOS
sp|P0AF63|NSRR_ECOLI,sp,P0AF63,NSRR
sp|P0AF67|TSAE_ECOLI,sp,P0AF67,TSAE
sp|P0AF70|YJEI_ECOLI,sp,P0AF70,YJEI
sp|P0AF90|RRAB_ECOLI,sp,P0AF90,RRAB
sp|P0AF93|RIDA_ECOLI,sp,P0AF93,RIDA
sp|P0AF96|TABA_ECOLI,sp,P0AF96,TABA
sp|P0AF98|LPTF_ECOLI,sp,P0AF98,LPTF
sp|P0AFA2|NARX_ECOLI,sp,P0AFA2,NARX
sp|P0AFA7|NHAB_ECOLI,sp,P0AFA7,NHAB
sp|P0AFA9|NIKC_ECOLI,sp,P0AFA9,NIKC
sp|P0AFB1|NLPI_ECOLI,sp,P0AFB1,NLPI
sp|P0AFB5|NTRB_ECOLI,sp,P0AFB5,NTRB
sp|P0AFB8|NTRC_ECOLI,sp,P0AFB8,NTRC
sp|P0AFC3|NUOA_ECOLI,sp,P0AFC3,NUOA
sp|P0AFC7|NUOB_ECOLI,sp,P0AFC7,NUOB
sp|P0AFD1|NUOE_ECOLI,sp,P0AFD1,NUOE
sp|P0AFD4|NUOH_ECOLI,sp,P0AFD4,NUOH
sp|P0AFD6|NUOI_ECOLI,sp,P0AFD6,NUOI
sp|P0AFE4|NUOK_ECOLI,sp,P0AFE4,NUOK
sp|P0AFE8|NUOM_ECOLI,sp,P0AFE8,NUOM
sp|P0AFF0|NUON_ECOLI,sp,P0AFF0,NUON
sp|P0AFF2|NUPC_ECOLI,sp,P0AFF2,NUPC
sp|P0AFF6|NUSA_ECOLI,sp,P0AFF6,NUSA
sp|P0AFG0|NUSG_ECOLI,sp,P0AFG0,NUSG
sp|P0AFG3|ODO1_ECOLI,sp,P0AFG3,ODO1
sp|P0AFG6|ODO2_ECOLI,sp,P0AFG6,ODO2
sp|P0AFG8|ODP1_ECOLI,sp,P0AFG8,ODP1
sp|P0AFH0|OGT_ECOLI,sp,P0AFH0,OGT
sp|P0AFH2|OPPB_ECOLI,sp,P0AFH2,OPPB
sp|P0AFH6|OPPC_ECOLI,sp,P0AFH6,OPPC
sp|P0AFH8|OSMY_ECOLI,sp,P0AFH8,OSMY
sp|P0AFI2|PARC_ECOLI,sp,P0AFI2,PARC
sp|P0AFI5|PBP7_ECOLI,sp,P0AFI5,PBP7
sp|P0AFI7|PDXH_ECOLI,sp,P0AFI7,PDXH
sp|P0AFI9|PERM_ECOLI,sp,P0AFI9,PERM
sp|P0AFJ1|YJDM_ECOLI,sp,P0AFJ1,YJDM
sp|P0AFJ5|PHOB_ECOLI,sp,P0AFJ5,PHOB
sp|P0AFJ7|PITA_ECOLI,sp,P0AFJ7,PITA
sp|P0AFK0|PMBA_ECOLI,sp,P0AFK0,PMBA
sp|P0AFK4|POTB_ECOLI,sp,P0AFK4,POTB
sp|P0AFK9|POTD_ECOLI,sp,P0AFK9,POTD
sp|P0AFL3|PPIA_ECOLI,sp,P0AFL3,PPIA
sp|P0AFL6|PPX_ECOLI,sp,P0AFL6,PPX
sp|P0AFM6|PSPA_ECOLI,sp,P0AFM6,PSPA
sp|P0AFN2|PSPC_ECOLI,sp,P0AFN2,PSPC
sp|P0AFP4|YBBO_ECOLI,sp,P0AFP4,YBBO
sp|P0AFP6|GCH1L_ECOLI,sp,P0AFP6,GCH1L
sp|P0AFP9|YBHR_ECOLI,sp,P0AFP9,YBHR
sp|P0AFQ2|YBHS_ECOLI,sp,P0AFQ2,YBHS
sp|P0AFQ7|YCFH_ECOLI,sp,P0AFQ7,YCFH
sp|P0AFR0|RSSA_ECOLI,sp,P0AFR0,RSSA
sp|P0AFR2|DAUA_ECOLI,sp,P0AFR2,DAUA
sp|P0AFR4|YCIO_ECOLI,sp,P0AFR4,YCIO
sp|P0AFS3|FOLM_ECOLI,sp,P0AFS3,FOLM
sp|P0AFS7|YDIK_ECOLI,sp,P0AFS7,YDIK
sp|P0AFT2|TCYL_ECOLI,sp,P0AFT2,TCYL
sp|P0AFT5|BTSR_ECOLI,sp,P0AFT5,BTSR
sp|P0AFU0|YEJB_ECOLI,sp,P0AFU0,YEJB
sp|P0AFU2|YFBS_ECOLI,sp,P0AFU2,YFBS
sp|P0AFU4|GLRR_ECOLI,sp,P0AFU4,GLRR
sp|P0AFU8|RISA_ECOLI,sp,P0AFU8,RISA
sp|P0AFV4|MEPS_ECOLI,sp,P0AFV4,MEPS
sp|P0AFW0|RFAH_ECOLI,sp,P0AFW0,RFAH
sp|P0AFW4|RNK_ECOLI,sp,P0AFW4,RNK
sp|P0AFW8|ROF_ECOLI,sp,P0AFW8,ROF
sp|P0AFX0|HPF_ECOLI,sp,P0AFX0,HPF
sp|P0AFX4|RSD_ECOLI,sp,P0AFX4,RSD
sp|P0AFX7|RSEA_ECOLI,sp,P0AFX7,RSEA
sp|P0AFX9|RSEB_ECOLI,sp,P0AFX9,RSEB
sp|P0AFY2|SANA_ECOLI,sp,P0AFY2,SANA
sp|P0AFY6|SBMA_ECOLI,sp,P0AFY6,SBMA
sp|P0AFY8|SEQA_ECOLI,sp,P0AFY8,SEQA
sp|P0AFZ1|SSEB_ECOLI,sp,P0AFZ1,SSEB
sp|P0AFZ3|SSPB_ECOLI,sp,P0AFZ3,SSPB
sp|P0AG00|WZZE_ECOLI,sp,P0AG00,WZZE
sp|P0AG03|UBIX_ECOLI,sp,P0AG03,UBIX
sp|P0AG07|RPE_ECOLI,sp,P0AG07,RPE
sp|P0AG14|SOHB_ECOLI,sp,P0AG14,SOHB
sp|P0AG16|PUR1_ECOLI,sp,P0AG16,PUR1
sp|P0AG18|PURE_ECOLI,sp,P0AG18,PURE
sp|P0AG20|RELA_ECOLI,sp,P0AG20,RELA
sp|P0AG24|SPOT_ECOLI,sp,P0AG24,SPOT
sp|P0AG27|YIBN_ECOLI,sp,P0AG27,YIBN
sp|P0AG30|RHO_ECOLI,sp,P0AG30,RHO
sp|P0AG38|RHTC_ECOLI,sp,P0AG38,RHTC
sp|P0AG40|RIBF_ECOLI,sp,P0AG40,RIBF
sp|P0AG44|RL17_ECOLI,sp,P0AG44,RL17
sp|P0AG48|RL21_ECOLI,sp,P0AG48,RL21
sp|P0AG51|RL30_ECOLI,sp,P0AG51,RL30
sp|P0AG55|RL6_ECOLI,sp,P0AG55,RL6
sp|P0AG59|RS14_ECOLI,sp,P0AG59,RS14
sp|P0AG63|RS17_ECOLI,sp,P0AG63,RS17
sp|P0AG67|RS1_ECOLI,sp,P0AG67,RS1
sp|P0AG71|RMUC_ECOLI,sp,P0AG71,RMUC
sp|P0AG76|SBCD_ECOLI,sp,P0AG76,SBCD
sp|P0AG80|UGPB_ECOLI,sp,P0AG80,UGPB
sp|P0AG82|PSTS_ECOLI,sp,P0AG82,PSTS
sp|P0AG84|YGHA_ECOLI,sp,P0AG84,YGHA
sp|P0AG86|SECB_ECOLI,sp,P0AG86,SECB
sp|P0AG90|SECD_ECOLI,sp,P0AG90,SECD
sp|P0AG93|SECF_ECOLI,sp,P0AG93,SECF
sp|P0AG96|SECE_ECOLI,sp,P0AG96,SECE
sp|P0AG99|SECG_ECOLI,sp,P0AG99,SECG
sp|P0AGA2|SECY_ECOLI,sp,P0AGA2,SECY
sp|P0AGA6|UHPA_ECOLI,sp,P0AGA6,UHPA
sp|P0AGB0|SERB_ECOLI,sp,P0AGB0,SERB
sp|P0AGB3|RPOH_ECOLI,sp,P0AGB3,RPOH
sp|P0AGB6|RPOE_ECOLI,sp,P0AGB6,RPOE
sp|P0AGC3|SLT_ECOLI,sp,P0AGC3,SLT
sp|P0AGC7|SMP_ECOLI,sp,P0AGC7,SMP
sp|P0AGD1|SODC_ECOLI,sp,P0AGD1,SODC
sp|P0AGD3|SODF_ECOLI,sp,P0AGD3,SODF
sp|P0AGD7|SRP54_ECOLI,sp,P0AGD7,SRP54
sp|P0AGE0|SSB_ECOLI,sp,P0AGE0,SSB
sp|P0AGE4|SSTT_ECOLI,sp,P0AGE4,SSTT
sp|P0AGE6|CHRR_ECOLI,sp,P0AGE6,CHRR
sp|P0AGE9|SUCD_ECOLI,sp,P0AGE9,SUCD
sp|P0AGF2|CSDE_ECOLI,sp,P0AGF2,CSDE
sp|P0AGG0|THIL_ECOLI,sp,P0AGG0,THIL
sp|P0AGG2|TESB_ECOLI,sp,P0AGG2,TESB
sp|P0AGG4|THIO2_ECOLI,sp,P0AGG4,THIO2
sp|P0AGG8|TLDD_ECOLI,sp,P0AGG8,TLDD
sp|P0AGH1|YHHJ_ECOLI,sp,P0AGH1,YHHJ
sp|P0AGH3|SAPB_ECOLI,sp,P0AGH3,SAPB
sp|P0AGH5|SAPC_ECOLI,sp,P0AGH5,SAPC
sp|P0AGH8|PSTC_ECOLI,sp,P0AGH8,PSTC
sp|P0AGI1|RBSC_ECOLI,sp,P0AGI1,RBSC
sp|P0AGI8|TRKA_ECOLI,sp,P0AGI8,TRKA
sp|P0AGJ2|TRMH_ECOLI,sp,P0AGJ2,TRMH
sp|P0AGJ5|YFIF_ECOLI,sp,P0AGJ5,YFIF
sp|P0AGJ7|TRML_ECOLI,sp,P0AGJ7,TRML
sp|P0AGJ9|SYY_ECOLI,sp,P0AGJ9,SYY
sp|P0AGK1|UBIA_ECOLI,sp,P0AGK1,UBIA
sp|P0AGK4|YHBY_ECOLI,sp,P0AGK4,YHBY
sp|P0AGK8|ISCR_ECOLI,sp,P0AGK8,ISCR
sp|P0AGL2|TDCF_ECOLI,sp,P0AGL2,TDCF
sp|P0AGL5|RATA_ECOLI,sp,P0AGL5,RATA
sp|P0AGL7|RSME_ECOLI,sp,P0AGL7,RSME
sp|P0AGM9|XANP_ECOLI,sp,P0AGM9,XANP
sp|P0C018|RL18_ECOLI,sp,P0C018,RL18
sp|P0C037|PPNP_ECOLI,sp,P0C037,PPNP
sp|P0C054|IBPA_ECOLI,sp,P0C054,IBPA
sp|P0C058|IBPB_ECOLI,sp,P0C058,IBPB
sp|P0C066|MLTC_ECOLI,sp,P0C066,MLTC
sp|P0C093|SLMA_ECOLI,sp,P0C093,SLMA
sp|P0C0K3|SRKA_ECOLI,sp,P0C0K3,SRKA
sp|P0C0L2|OSMC_ECOLI,sp,P0C0L2,OSMC
sp|P0C0L7|PROP_ECOLI,sp,P0C0L7,PROP
sp|P0C0L9|ISCX_ECOLI,sp,P0C0L9,ISCX
sp|P0C0R7|RLME_ECOLI,sp,P0C0R7,RLME
sp|P0C0S1|MSCS_ECOLI,sp,P0C0S1,MSCS
sp|P0C0T5|MEPA_ECOLI,sp,P0C0T5,MEPA
sp|P0C0U4|RIMK_ECOLI,sp,P0C0U4,RIMK
sp|P0C0V0|DEGP_ECOLI,sp,P0C0V0,DEGP
sp|P0C960|EMTA_ECOLI,sp,P0C960,EMTA
sp|P0CB39|EPTC_ECOLI,sp,P0CB39,EPTC
sp|P0CE47|EFTU1_ECOLI;sp|P0CE48|EFTU2_ECOLI,sp,P0CE47,EFTU1
sp|P0CF66|INSE1_ECOLI;sp|P0CF67|INSE2_ECOLI;sp|P0CF68|INSE3_ECOLI;sp|P0CF69|INSE4_ECOLI;sp|P0CF70|INSE5_ECOLI,sp,P0CF66,INSE1
sp|P0CG19|RNPH_ECOLI,sp,P0CG19,RNPH
sp|P0CK95|ACFD_ECOLI,sp,P0CK95,ACFD
sp|P0DMC5|RCSC_ECOLI,sp,P0DMC5,RCSC
sp|P0DMC7|RCSB_ECOLI,sp,P0DMC7,RCSB
sp|P0DP63|YBEH_ECOLI,sp,P0DP63,YBEH
sp|P0DP64|YBEM_ECOLI,sp,P0DP64,YBEM
sp|P0DPP7|YQID_ECOLI,sp,P0DPP7,YQID
sp|P0DTT0|BIPA_ECOLI,sp,P0DTT0,BIPA
sp|P10100|RLPA_ECOLI,sp,P10100,RLPA
sp|P10121|FTSY_ECOLI,sp,P10121,FTSY
sp|P10346|GLNQ_ECOLI,sp,P10346,GLNQ
sp|P10371|HIS4_ECOLI,sp,P10371,HIS4
sp|P10384|FADL_ECOLI,sp,P10384,FADL
sp|P10408|SECA_ECOLI,sp,P10408,SECA
sp|P10423|IAP_ECOLI,sp,P10423,IAP
sp|P10441|LPXB_ECOLI,sp,P10441,LPXB
sp|P10442|RNH2_ECOLI,sp,P10442,RNH2
sp|P10443|DPO3A_ECOLI,sp,P10443,DPO3A
sp|P10902|NADB_ECOLI,sp,P10902,NADB
sp|P10903|NARK_ECOLI,sp,P10903,NARK
sp|P10908|UGPQ_ECOLI,sp,P10908,UGPQ
sp|P11071|ACEK_ECOLI,sp,P11071,ACEK
sp|P11349|NARH_ECOLI,sp,P11349,NARH
sp|P11350|NARI_ECOLI,sp,P11350,NARI
sp|P11446|ARGC_ECOLI,sp,P11446,ARGC
sp|P11447|ARLY_ECOLI,sp,P11447,ARLY
sp|P11557|DAMX_ECOLI,sp,P11557,DAMX
sp|P11667|ARGO_ECOLI,sp,P11667,ARGO
sp|P11875|SYR_ECOLI,sp,P11875,SYR
sp|P11880|MURF_ECOLI,sp,P11880,MURF
sp|P12008|AROC_ECOLI,sp,P12008,AROC
sp|P12281|MOEA_ECOLI,sp,P12281,MOEA
sp|P12282|MOEB_ECOLI,sp,P12282,MOEB
sp|P12295|UNG_ECOLI,sp,P12295,UNG
sp|P12758|UDP_ECOLI,sp,P12758,UDP
sp|P12994|YBHB_ECOLI,sp,P12994,YBHB
sp|P13000|BIOD1_ECOLI,sp,P13000,BIOD1
sp|P13001|BIOH_ECOLI,sp,P13001,BIOH
sp|P13009|METH_ECOLI,sp,P13009,METH
sp|P13016|AMPD_ECOLI,sp,P13016,AMPD
sp|P13024|FDHE_ECOLI,sp,P13024,FDHE
sp|P13029|KATG_ECOLI,sp,P13029,KATG
sp|P13033|GLPB_ECOLI,sp,P13033,GLPB
sp|P13035|GLPD_ECOLI,sp,P13035,GLPD
sp|P13445|RPOS_ECOLI,sp,P13445,RPOS
sp|P13458|SBCC_ECOLI,sp,P13458,SBCC
sp|P13482|TREA_ECOLI,sp,P13482,TREA
sp|P13518|CSRD_ECOLI,sp,P13518,CSRD
sp|P13669|MNGR_ECOLI,sp,P13669,MNGR
sp|P13738|NHAA_ECOLI,sp,P13738,NHAA
sp|P13857|RIML_ECOLI,sp,P13857,RIML
sp|P14081|SELB_ECOLI,sp,P14081,SELB
sp|P14294|TOP3_ECOLI,sp,P14294,TOP3
sp|P14375|ZRAR_ECOLI,sp,P14375,ZRAR
sp|P14407|FUMB_ECOLI,sp,P14407,FUMB
sp|P14900|MURD_ECOLI,sp,P14900,MURD
sp|P15034|AMPP_ECOLI,sp,P15034,AMPP
sp|P15038|HELD_ECOLI,sp,P15038,HELD
sp|P15042|DNLJ_ECOLI,sp,P15042,DNLJ
sp|P15043|RECQ_ECOLI,sp,P15043,RECQ
sp|P15067|GLGX_ECOLI,sp,P15067,GLGX
sp|P15070|FLIN_ECOLI,sp,P15070,FLIN
sp|P15254|PUR4_ECOLI,sp,P15254,PUR4
sp|P15288|PEPD_ECOLI,sp,P15288,PEPD
sp|P15639|PUR9_ECOLI,sp,P15639,PUR9
sp|P15640|PUR2_ECOLI,sp,P15640,PUR2
sp|P15723|DGTP_ECOLI,sp,P15723,DGTP
sp|P15770|AROE_ECOLI,sp,P15770,AROE
sp|P15877|DHG_ECOLI,sp,P15877,DHG
sp|P15977|MALQ_ECOLI,sp,P15977,MALQ
sp|P15993|AROP_ECOLI,sp,P15993,AROP
sp|P16095|SDHL_ECOLI,sp,P16095,SDHL
sp|P16256|PANF_ECOLI,sp,P16256,PANF
sp|P16384|MIAA_ECOLI,sp,P16384,MIAA
sp|P16429|HYCC_ECOLI,sp,P16429,HYCC
sp|P16430|HYCD_ECOLI,sp,P16430,HYCD
sp|P16431|HYCE_ECOLI,sp,P16431,HYCE
sp|P16432|HYCF_ECOLI,sp,P16432,HYCF
sp|P16433|HYCG_ECOLI,sp,P16433,HYCG
sp|P16456|SELD_ECOLI,sp,P16456,SELD
sp|P16525|TUS_ECOLI,sp,P16525,TUS
sp|P16528|ICLR_ECOLI,sp,P16528,ICLR
sp|P16659|SYP_ECOLI,sp,P16659,SYP
sp|P16691|PHNO_ECOLI,sp,P16691,PHNO
sp|P16700|CYSP_ECOLI,sp,P16700,CYSP
sp|P16703|CYSM_ECOLI,sp,P16703,CYSM
sp|P16926|MREC_ECOLI,sp,P16926,MREC
sp|P17109|MEND_ECOLI,sp,P17109,MEND
sp|P17115|GUTQ_ECOLI,sp,P17115,GUTQ
sp|P17117|NFSA_ECOLI,sp,P17117,NFSA
sp|P17169|GLMS_ECOLI,sp,P17169,GLMS
sp|P17443|MURG_ECOLI,sp,P17443,MURG
sp|P17445|BETB_ECOLI,sp,P17445,BETB
sp|P17583|CYNX_ECOLI,sp,P17583,CYNX
sp|P17802|MUTY_ECOLI,sp,P17802,MUTY
sp|P17846|CYSI_ECOLI,sp,P17846,CYSI
sp|P17854|CYSH_ECOLI,sp,P17854,CYSH
sp|P17888|PRIA_ECOLI,sp,P17888,PRIA
sp|P17952|MURC_ECOLI,sp,P17952,MURC
sp|P17993|UBIG_ECOLI,sp,P17993,UBIG
sp|P18133|PNCB_ECOLI,sp,P18133,PNCB
sp|P18196|MINC_ECOLI,sp,P18196,MINC
sp|P18335|ARGD_ECOLI,sp,P18335,ARGD
sp|P18390|YJJA_ECOLI,sp,P18390,YJJA
sp|P18392|RSTB_ECOLI,sp,P18392,RSTB
sp|P18775|DMSA_ECOLI,sp,P18775,DMSA
sp|P18776|DMSB_ECOLI,sp,P18776,DMSB
sp|P18777|DMSC_ECOLI;sp|P76173|YNFH_ECOLI,sp,P18777,DMSC
sp|P18843|NADE_ECOLI,sp,P18843,NADE
sp|P18956|GGT_ECOLI,sp,P18956,GGT
sp|P19318|NARY_ECOLI,sp,P19318,NARY
sp|P19319|NARZ_ECOLI,sp,P19319,NARZ
sp|P19323|FHLA_ECOLI,sp,P19323,FHLA
sp|P19624|PDXA_ECOLI,sp,P19624,PDXA
sp|P19926|AGP_ECOLI,sp,P19926,AGP
sp|P19930|HYAD_ECOLI,sp,P19930,HYAD
sp|P19931|HYAE_ECOLI,sp,P19931,HYAE
sp|P19932|HYAF_ECOLI,sp,P19932,HYAF
sp|P19934|TOLA_ECOLI,sp,P19934,TOLA
sp|P20083|PARE_ECOLI,sp,P20083,PARE
sp|P20099|BISC_ECOLI,sp,P20099,BISC
sp|P20605|FIC_ECOLI,sp,P20605,FIC
sp|P20966|PTFBC_ECOLI,sp,P20966,PTFBC
sp|P21156|CYSD_ECOLI,sp,P21156,CYSD
sp|P21165|PEPQ_ECOLI,sp,P21165,PEPQ
sp|P21169|DCOR_ECOLI,sp,P21169,DCOR
sp|P21170|SPEA_ECOLI,sp,P21170,SPEA
sp|P21179|CATE_ECOLI,sp,P21179,CATE
sp|P21189|DPO2_ECOLI,sp,P21189,DPO2
sp|P21338|RNI_ECOLI,sp,P21338,RNI
sp|P21345|GLTP_ECOLI,sp,P21345,GLTP
sp|P21365|YCIC_ECOLI,sp,P21365,YCIC
sp|P21369|PNCA_ECOLI,sp,P21369,PNCA
sp|P21499|RNR_ECOLI,sp,P21499,RNR
sp|P21507|SRMB_ECOLI,sp,P21507,SRMB
sp|P21513|RNE_ECOLI,sp,P21513,RNE
sp|P21514|PDEL_ECOLI,sp,P21514,PDEL
sp|P21515|ACPH_ECOLI,sp,P21515,ACPH
sp|P21517|MALZ_ECOLI,sp,P21517,MALZ
sp|P21599|KPYK2_ECOLI,sp,P21599,KPYK2
sp|P21645|LPXD_ECOLI,sp,P21645,LPXD
sp|P21829|YBHA_ECOLI,sp,P21829,YBHA
sp|P21865|KDPD_ECOLI,sp,P21865,KDPD
sp|P21866|KDPE_ECOLI,sp,P21866,KDPE
sp|P21888|SYC_ECOLI,sp,P21888,SYC
sp|P21889|SYD_ECOLI,sp,P21889,SYD
sp|P21893|RECJ_ECOLI,sp,P21893,RECJ
sp|P22106|ASNB_ECOLI,sp,P22106,ASNB
sp|P22186|MRAZ_ECOLI,sp,P22186,MRAZ
sp|P22188|MURE_ECOLI,sp,P22188,MURE
sp|P22255|CYSQ_ECOLI,sp,P22255,CYSQ
sp|P22256|GABT_ECOLI,sp,P22256,GABT
sp|P22259|PCKA_ECOLI,sp,P22259,PCKA
sp|P22333|ADD_ECOLI,sp,P22333,ADD
sp|P22523|MUKB_ECOLI,sp,P22523,MUKB
sp|P22524|MUKE_ECOLI,sp,P22524,MUKE
sp|P22525|YCBB_ECOLI,sp,P22525,YCBB
sp|P22564|RIHC_ECOLI,sp,P22564,RIHC
sp|P22634|MURI_ECOLI,sp,P22634,MURI
sp|P22939|ISPA_ECOLI,sp,P22939,ISPA
sp|P23003|TRMA_ECOLI,sp,P23003,TRMA
sp|P23256|MALY_ECOLI,sp,P23256,MALY
sp|P23305|YIGA_ECOLI,sp,P23305,YIGA
sp|P23331|KITH_ECOLI,sp,P23331,KITH
sp|P23367|MUTL_ECOLI,sp,P23367,MUTL
sp|P23522|GARL_ECOLI,sp,P23522,GARL
sp|P23538|PPSA_ECOLI,sp,P23538,PPSA
sp|P23721|SERC_ECOLI,sp,P23721,SERC
sp|P23827|ECOT_ECOLI,sp,P23827,ECOT
sp|P23830|PSS_ECOLI,sp,P23830,PSS
sp|P23836|PHOP_ECOLI,sp,P23836,PHOP
sp|P23837|PHOQ_ECOLI,sp,P23837,PHOQ
sp|P23839|YICC_ECOLI,sp,P23839,YICC
sp|P23842|PDEA_ECOLI,sp,P23842,PDEA
sp|P23843|OPPA_ECOLI,sp,P23843,OPPA
sp|P23845|CYSN_ECOLI,sp,P23845,CYSN
sp|P23847|DPPA_ECOLI,sp,P23847,DPPA
sp|P23862|PRIC_ECOLI,sp,P23862,PRIC
sp|P23865|PRC_ECOLI,sp,P23865,PRC
sp|P23869|PPIB_ECOLI,sp,P23869,PPIB
sp|P23871|HEMH_ECOLI,sp,P23871,HEMH
sp|P23872|AES_ECOLI,sp,P23872,AES
sp|P23874|HIPA_ECOLI,sp,P23874,HIPA
sp|P23882|FMT_ECOLI,sp,P23882,FMT
sp|P23886|CYDC_ECOLI,sp,P23886,CYDC
sp|P23890|CADC_ECOLI,sp,P23890,CADC
sp|P23893|GSA_ECOLI,sp,P23893,GSA
sp|P23894|HTPX_ECOLI,sp,P23894,HTPX
sp|P23908|ARGE_ECOLI,sp,P23908,ARGE
sp|P23909|MUTS_ECOLI,sp,P23909,MUTS
sp|P23917|MAK_ECOLI,sp,P23917,MAK
sp|P23930|LNT_ECOLI,sp,P23930,LNT
sp|P24169|DCOS_ECOLI,sp,P24169,DCOS
sp|P24171|DCP_ECOLI,sp,P24171,DCP
sp|P24173|RFAC_ECOLI,sp,P24173,RFAC
sp|P24178|YFFB_ECOLI,sp,P24178,YFFB
sp|P24182|ACCC_ECOLI,sp,P24182,ACCC
sp|P24183|FDNG_ECOLI,sp,P24183,FDNG
sp|P24186|FOLD_ECOLI,sp,P24186,FOLD
sp|P24192|HYPD_ECOLI,sp,P24192,HYPD
sp|P24193|HYPE_ECOLI,sp,P24193,HYPE
sp|P24203|YJIA_ECOLI,sp,P24203,YJIA
sp|P24205|LPXM_ECOLI,sp,P24205,LPXM
sp|P24207|PHEP_ECOLI,sp,P24207,PHEP
sp|P24215|UXUA_ECOLI,sp,P24215,UXUA
sp|P24216|FLID_ECOLI,sp,P24216,FLID
sp|P24224|ACPS_ECOLI,sp,P24224,ACPS
sp|P24228|DACB_ECOLI,sp,P24228,DACB
sp|P24230|RECG_ECOLI,sp,P24230,RECG
sp|P24232|HMP_ECOLI,sp,P24232,HMP
sp|P24251|CRL_ECOLI,sp,P24251,CRL
sp|P24252|YBGA_ECOLI,sp,P24252,YBGA
sp|P24255|RP54_ECOLI,sp,P24255,RP54
sp|P24554|RADA_ECOLI,sp,P24554,RADA
sp|P24555|PTRB_ECOLI,sp,P24555,PTRB
sp|P25397|TEHB_ECOLI,sp,P25397,TEHB
sp|P25437|FRMA_ECOLI,sp,P25437,FRMA
sp|P25516|ACNA_ECOLI,sp,P25516,ACNA
sp|P25519|HFLX_ECOLI,sp,P25519,HFLX
sp|P25522|MNME_ECOLI,sp,P25522,MNME
sp|P25524|CODA_ECOLI,sp,P25524,CODA
sp|P25526|GABD_ECOLI,sp,P25526,GABD
sp|P25534|UBIH_ECOLI,sp,P25534,UBIH
sp|P25535|UBII_ECOLI,sp,P25535,UBII
sp|P25536|NTPPA_ECOLI,sp,P25536,NTPPA
sp|P25539|RIBD_ECOLI,sp,P25539,RIBD
sp|P25552|GPPA_ECOLI,sp,P25552,GPPA
sp|P25665|METE_ECOLI,sp,P25665,METE
sp|P25714|YIDC_ECOLI,sp,P25714,YIDC
sp|P25728|YGBA_ECOLI,sp,P25728,YGBA
sp|P25736|END1_ECOLI,sp,P25736,END1
sp|P25737|LYSP_ECOLI,sp,P25737,LYSP
sp|P25738|MSYB_ECOLI,sp,P25738,MSYB
sp|P25740|RFAG_ECOLI,sp,P25740,RFAG
sp|P25741|RFAP_ECOLI,sp,P25741,RFAP
sp|P25743|YCHE_ECOLI,sp,P25743,YCHE
sp|P25745|MNMA_ECOLI,sp,P25745,MNMA
sp|P25746|HFLD_ECOLI,sp,P25746,HFLD
sp|P25798|FLIF_ECOLI,sp,P25798,FLIF
sp|P25888|RHLE_ECOLI,sp,P25888,RHLE
sp|P25889|PREA_ECOLI,sp,P25889,PREA
sp|P25894|LOIP_ECOLI,sp,P25894,LOIP
sp|P25906|PDXI_ECOLI,sp,P25906,PDXI
sp|P26365|AMIB_ECOLI,sp,P26365,AMIB
sp|P26458|APPB_ECOLI,sp,P26458,APPB
sp|P26459|APPC_ECOLI,sp,P26459,APPC
sp|P26602|UBIC_ECOLI,sp,P26602,UBIC
sp|P26612|AMY2_ECOLI,sp,P26612,AMY2
sp|P26616|MAO1_ECOLI,sp,P26616,MAO1
sp|P26646|ACUI_ECOLI,sp,P26646,ACUI
sp|P26647|PLSC_ECOLI,sp,P26647,PLSC
sp|P26648|FTSP_ECOLI,sp,P26648,FTSP
sp|P27126|RFAS_ECOLI,sp,P27126,RFAS
sp|P27127|RFAB_ECOLI,sp,P27127,RFAB
sp|P27128|RFAI_ECOLI,sp,P27128,RFAI
sp|P27129|RFAJ_ECOLI,sp,P27129,RFAJ
sp|P27238|YFED_ECOLI,sp,P27238,YFED
sp|P27240|RFAY_ECOLI,sp,P27240,RFAY
sp|P27241|RFAZ_ECOLI,sp,P27241,RFAZ
sp|P27245|MARR_ECOLI,sp,P27245,MARR
sp|P27247|PLSX_ECOLI,sp,P27247,PLSX
sp|P27248|GCST_ECOLI,sp,P27248,GCST
sp|P27249|GLND_ECOLI,sp,P27249,GLND
sp|P27250|AHR_ECOLI,sp,P27250,AHR
sp|P27253|SCPA_ECOLI,sp,P27253,SCPA
sp|P27278|NADR_ECOLI,sp,P27278,NADR
sp|P27296|DING_ECOLI,sp,P27296,DING
sp|P27298|OPDA_ECOLI,sp,P27298,OPDA
sp|P27300|LPXK_ECOLI,sp,P27300,LPXK
sp|P27302|TKT1_ECOLI,sp,P27302,TKT1
sp|P27303|EMRA_ECOLI,sp,P27303,EMRA
sp|P27305|GLUQ_ECOLI,sp,P27305,GLUQ
sp|P27306|STHA_ECOLI,sp,P27306,STHA
sp|P27431|ROXA_ECOLI,sp,P27431,ROXA
sp|P27434|RODZ_ECOLI,sp,P27434,RODZ
sp|P27828|WECB_ECOLI,sp,P27828,WECB
sp|P27829|WECC_ECOLI,sp,P27829,WECC
sp|P27830|RMLB2_ECOLI,sp,P27830,RMLB2
sp|P27832|WECD_ECOLI,sp,P27832,WECD
sp|P27833|WECE_ECOLI,sp,P27833,WECE
sp|P27836|WECG_ECOLI,sp,P27836,WECG
sp|P27837|YIFK_ECOLI,sp,P27837,YIFK
sp|P27838|CYAY_ECOLI,sp,P27838,CYAY
sp|P27848|YIGL_ECOLI,sp,P27848,YIGL
sp|P27859|TATD_ECOLI,sp,P27859,TATD
sp|P27862|YIGZ_ECOLI,sp,P27862,YIGZ
sp|P27896|NARQ_ECOLI,sp,P27896,NARQ
sp|P28246|BCR_ECOLI,sp,P28246,BCR
sp|P28248|DCD_ECOLI,sp,P28248,DCD
sp|P28249|ASMA_ECOLI,sp,P28249,ASMA
sp|P28304|QOR1_ECOLI,sp,P28304,QOR1
sp|P28305|PABC_ECOLI,sp,P28305,PABC
sp|P28306|MLTG_ECOLI,sp,P28306,MLTG
sp|P28629|ADIA_ECOLI,sp,P28629,ADIA
sp|P28630|HOLA_ECOLI,sp,P28630,HOLA
sp|P28631|HOLB_ECOLI,sp,P28631,HOLB
sp|P28632|HOLD_ECOLI,sp,P28632,HOLD
sp|P28634|TRMO_ECOLI,sp,P28634,TRMO
sp|P28635|METQ_ECOLI,sp,P28635,METQ
sp|P28722|YHCA_ECOLI,sp,P28722,YHCA
sp|P28861|FENR_ECOLI,sp,P28861,FENR
sp|P28903|NRDD_ECOLI,sp,P28903,NRDD
sp|P28904|TREC_ECOLI,sp,P28904,TREC
sp|P28905|HOLC_ECOLI,sp,P28905,HOLC
sp|P29018|CYDD_ECOLI,sp,P29018,CYDD
sp|P29131|FTSN_ECOLI,sp,P29131,FTSN
sp|P29208|MENC_ECOLI,sp,P29208,MENC
sp|P29217|YCEH_ECOLI,sp,P29217,YCEH
sp|P29680|DCUP_ECOLI,sp,P29680,DCUP
sp|P29744|FLGL_ECOLI,sp,P29744,FLGL
sp|P29745|PEPT_ECOLI,sp,P29745,PEPT
sp|P30011|NADC_ECOLI,sp,P30011,NADC
sp|P30014|RNT_ECOLI,sp,P30014,RNT
sp|P30125|LEU3_ECOLI,sp,P30125,LEU3
sp|P30126|LEUD_ECOLI,sp,P30126,LEUD
sp|P30128|GREB_ECOLI,sp,P30128,GREB
sp|P30131|HYPF_ECOLI,sp,P30131,HYPF
sp|P30177|YBIB_ECOLI,sp,P30177,YBIB
sp|P30178|HCXB_ECOLI,sp,P30178,HCXB
sp|P30744|SDHM_ECOLI,sp,P30744,SDHM
sp|P30745|MOAA_ECOLI,sp,P30745,MOAA
sp|P30748|MOAD_ECOLI,sp,P30748,MOAD
sp|P30749|MOAE_ECOLI,sp,P30749,MOAE
sp|P30750|METN_ECOLI,sp,P30750,METN
sp|P30843|BASR_ECOLI,sp,P30843,BASR
sp|P30844|BASS_ECOLI,sp,P30844,BASS
sp|P30847|BAES_ECOLI,sp,P30847,BAES
sp|P30850|RNB_ECOLI,sp,P30850,RNB
sp|P30855|EVGS_ECOLI,sp,P30855,EVGS
sp|P30859|ARTI_ECOLI,sp,P30859,ARTI
sp|P30860|ARTJ_ECOLI,sp,P30860,ARTJ
sp|P30864|YAFC_ECOLI,sp,P30864,YAFC
sp|P30870|GLNE_ECOLI,sp,P30870,GLNE
sp|P30871|3PASE_ECOLI,sp,P30871,3PASE
sp|P30958|MFD_ECOLI,sp,P30958,MFD
sp|P31057|PANB_ECOLI,sp,P31057,PANB
sp|P31060|MODF_ECOLI,sp,P31060,MODF
sp|P31069|KCH_ECOLI,sp,P31069,KCH
sp|P31119|AAS_ECOLI,sp,P31119,AAS
sp|P31120|GLMM_ECOLI,sp,P31120,GLMM
sp|P31122|SOTB_ECOLI,sp,P31122,SOTB
sp|P31133|POTF_ECOLI,sp,P31133,POTF
sp|P31142|THTM_ECOLI,sp,P31142,THTM
sp|P31224|ACRB_ECOLI,sp,P31224,ACRB
sp|P31433|YICH_ECOLI,sp,P31433,YICH
sp|P31442|EMRD_ECOLI,sp,P31442,EMRD
sp|P31455|YIDR_ECOLI,sp,P31455,YIDR
sp|P31460|DGOR_ECOLI,sp,P31460,DGOR
sp|P31467|YIEH_ECOLI,sp,P31467,YIEH
sp|P31473|RAVA_ECOLI,sp,P31473,RAVA
sp|P31475|YIEP_ECOLI,sp,P31475,YIEP
sp|P31547|METI_ECOLI,sp,P31547,METI
sp|P31548|THIQ_ECOLI,sp,P31548,THIQ
sp|P31550|THIB_ECOLI,sp,P31550,THIB
sp|P31551|CAID_ECOLI,sp,P31551,CAID
sp|P31554|LPTD_ECOLI,sp,P31554,LPTD
sp|P31572|CAIB_ECOLI,sp,P31572,CAIB
sp|P31600|NFRA_ECOLI,sp,P31600,NFRA
sp|P31658|HCHA_ECOLI,sp,P31658,HCHA
sp|P31663|PANC_ECOLI,sp,P31663,PANC
sp|P31666|YADE_ECOLI,sp,P31666,YADE
sp|P31677|OTSA_ECOLI,sp,P31677,OTSA
sp|P31678|OTSB_ECOLI,sp,P31678,OTSB
sp|P31680|DJLA_ECOLI,sp,P31680,DJLA
sp|P31801|CHAA_ECOLI,sp,P31801,CHAA
sp|P31802|NARP_ECOLI,sp,P31802,NARP
sp|P31806|NNR_ECOLI,sp,P31806,NNR
sp|P31808|YCIK_ECOLI,sp,P31808,YCIK
sp|P31825|TRMN6_ECOLI,sp,P31825,TRMN6
sp|P31828|PQQL_ECOLI,sp,P31828,PQQL
sp|P31979|NUOF_ECOLI,sp,P31979,NUOF
sp|P32099|LPLA_ECOLI,sp,P32099,LPLA
sp|P32125|MOBB_ECOLI,sp,P32125,MOBB
sp|P32131|HEMN_ECOLI,sp,P32131,HEMN
sp|P32144|CSQR_ECOLI,sp,P32144,CSQR
sp|P32157|YIIM_ECOLI,sp,P32157,YIIM
sp|P32160|YIIQ_ECOLI,sp,P32160,YIIQ
sp|P32162|YIIS_ECOLI,sp,P32162,YIIS
sp|P32166|MENA_ECOLI,sp,P32166,MENA
sp|P32169|RHAD_ECOLI,sp,P32169,RHAD
sp|P32173|MOBA_ECOLI,sp,P32173,MOBA
sp|P32176|FDOG_ECOLI,sp,P32176,FDOG
sp|P32177|FDHD_ECOLI,sp,P32177,FDHD
sp|P32662|GPH_ECOLI,sp,P32662,GPH
sp|P32664|NUDC_ECOLI,sp,P32664,NUDC
sp|P32669|FSAB_ECOLI,sp,P32669,FSAB
sp|P32670|PTFX2_ECOLI,sp,P32670,PTFX2
sp|P32677|YIJO_ECOLI,sp,P32677,YIJO
sp|P32680|YJAG_ECOLI,sp,P32680,YJAG
sp|P32681|YJAH_ECOLI,sp,P32681,YJAH
sp|P32684|RLUF_ECOLI,sp,P32684,RLUF
sp|P32695|DUSA_ECOLI,sp,P32695,DUSA
sp|P32703|YJCE_ECOLI,sp,P32703,YJCE
sp|P33018|SFGH2_ECOLI,sp,P33018,SFGH2
sp|P33030|YEIR_ECOLI,sp,P33030,YEIR
sp|P33136|OPGG_ECOLI,sp,P33136,OPGG
sp|P33195|GCSP_ECOLI,sp,P33195,GCSP
sp|P33218|YEBE_ECOLI,sp,P33218,YEBE
sp|P33221|PURT_ECOLI,sp,P33221,PURT
sp|P33224|AIDB_ECOLI,sp,P33224,AIDB
sp|P33225|TORA_ECOLI,sp,P33225,TORA
sp|P33226|TORC_ECOLI,sp,P33226,TORC
sp|P33232|LLDD_ECOLI,sp,P33232,LLDD
sp|P33234|ADIY_ECOLI,sp,P33234,ADIY
sp|P33235|FLGK_ECOLI,sp,P33235,FLGK
sp|P33355|YEHS_ECOLI,sp,P33355,YEHS
sp|P33360|YEHX_ECOLI,sp,P33360,YEHX
sp|P33362|YEHZ_ECOLI,sp,P33362,YEHZ
sp|P33363|BGLX_ECOLI,sp,P33363,BGLX
sp|P33368|YOHF_ECOLI,sp,P33368,YOHF
sp|P33570|TKT2_ECOLI,sp,P33570,TKT2
sp|P33590|NIKA_ECOLI,sp,P33590,NIKA
sp|P33591|NIKB_ECOLI,sp,P33591,NIKB
sp|P33593|NIKD_ECOLI,sp,P33593,NIKD
sp|P33594|NIKE_ECOLI,sp,P33594,NIKE
sp|P33596|RECX_ECOLI,sp,P33596,RECX
sp|P33599|NUOCD_ECOLI,sp,P33599,NUOCD
sp|P33602|NUOG_ECOLI,sp,P33602,NUOG
sp|P33607|NUOL_ECOLI,sp,P33607,NUOL
sp|P33643|RLUD_ECOLI,sp,P33643,RLUD
sp|P33644|PURNU_ECOLI,sp,P33644,PURNU
sp|P33650|FEOB_ECOLI,sp,P33650,FEOB
sp|P33667|SELU_ECOLI,sp,P33667,SELU
sp|P33913|YEJA_ECOLI,sp,P33913,YEJA
sp|P33916|YEJF_ECOLI,sp,P33916,YEJF
sp|P33919|RADD_ECOLI,sp,P33919,RADD
sp|P33920|NDPA_ECOLI,sp,P33920,NDPA
sp|P33927|CCMF_ECOLI,sp,P33927,CCMF
sp|P33937|NAPA_ECOLI,sp,P33937,NAPA
sp|P34209|YDCF_ECOLI,sp,P34209,YDCF
sp|P35340|AHPF_ECOLI,sp,P35340,AHPF
sp|P36548|AMIA_ECOLI,sp,P36548,AMIA
sp|P36553|HEM6_ECOLI,sp,P36553,HEM6
sp|P36561|COBS_ECOLI,sp,P36561,COBS
sp|P36562|COBT_ECOLI,sp,P36562,COBT
sp|P36566|CMOM_ECOLI,sp,P36566,CMOM
sp|P36649|CUEO_ECOLI,sp,P36649,CUEO
sp|P36655|DSBD_ECOLI,sp,P36655,DSBD
sp|P36659|CBPA_ECOLI,sp,P36659,CBPA
sp|P36662|TORD_ECOLI,sp,P36662,TORD
sp|P36672|PTTBC_ECOLI,sp,P36672,PTTBC
sp|P36673|TRER_ECOLI,sp,P36673,TRER
sp|P36677|YHDN_ECOLI,sp,P36677,YHDN
sp|P36680|ZAPD_ECOLI,sp,P36680,ZAPD
sp|P36683|ACNB_ECOLI,sp,P36683,ACNB
sp|P36767|RDGC_ECOLI,sp,P36767,RDGC
sp|P36771|LRHA_ECOLI,sp,P36771,LRHA
sp|P36837|DTPB_ECOLI,sp,P36837,DTPB
sp|P36879|YADG_ECOLI,sp,P36879,YADG
sp|P36928|YEGD_ECOLI,sp,P36928,YEGD
sp|P36929|RSMB_ECOLI,sp,P36929,RSMB
sp|P36930|GATR_ECOLI,sp,P36930,GATR
sp|P36938|PGM_ECOLI,sp,P36938,PGM
sp|P36943|EAEH_ECOLI,sp,P36943,EAEH
sp|P36979|RLMN_ECOLI,sp,P36979,RLMN
sp|P36995|CSPB_ECOLI,sp,P36995,CSPB
sp|P36999|RLMA_ECOLI,sp,P36999,RLMA
sp|P37002|FLUC_ECOLI,sp,P37002,FLUC
sp|P37005|LAST_ECOLI,sp,P37005,LAST
sp|P37013|NORR_ECOLI,sp,P37013,NORR
sp|P37019|CLCA_ECOLI,sp,P37019,CLCA
sp|P37024|HRPB_ECOLI,sp,P37024,HRPB
sp|P37025|THPR_ECOLI,sp,P37025,THPR
sp|P37028|BTUF_ECOLI,sp,P37028,BTUF
sp|P37047|CDAR_ECOLI,sp,P37047,CDAR
sp|P37051|PURU_ECOLI,sp,P37051,PURU
sp|P37095|PEPB_ECOLI,sp,P37095,PEPB
sp|P37127|AEGA_ECOLI,sp,P37127,AEGA
sp|P37128|NUDK_ECOLI,sp,P37128,NUDK
sp|P37147|FXSA_ECOLI,sp,P37147,FXSA
sp|P37177|PT1P_ECOLI,sp,P37177,PT1P
sp|P37180|HYBB_ECOLI,sp,P37180,HYBB
sp|P37182|HYBD_ECOLI,sp,P37182,HYBD
sp|P37194|SLP_ECOLI,sp,P37194,SLP
sp|P37195|DCTR_ECOLI,sp,P37195,DCTR
sp|P37197|YHJA_ECOLI,sp,P37197,YHJA
sp|P37325|YBCH_ECOLI,sp,P37325,YBCH
sp|P37326|INTS_ECOLI,sp,P37326,INTS
sp|P37327|YFDC_ECOLI,sp,P37327,YFDC
sp|P37329|MODA_ECOLI,sp,P37329,MODA
sp|P37330|MASZ_ECOLI,sp,P37330,MASZ
sp|P37340|MDTK_ECOLI,sp,P37340,MDTK
sp|P37342|YJJI_ECOLI,sp,P37342,YJJI
sp|P37344|PSPF_ECOLI,sp,P37344,PSPF
sp|P37349|DHAM_ECOLI,sp,P37349,DHAM
sp|P37353|MENE_ECOLI,sp,P37353,MENE
sp|P37440|UCPA_ECOLI,sp,P37440,UCPA
sp|P37595|IAAA_ECOLI,sp,P37595,IAAA
sp|P37597|YDHC_ECOLI,sp,P37597,YDHC
sp|P37610|TAUD_ECOLI,sp,P37610,TAUD
sp|P37613|PANZ_ECOLI,sp,P37613,PANZ
sp|P37615|YHHM_ECOLI,sp,P37615,YHHM
sp|P37617|ZNTA_ECOLI,sp,P37617,ZNTA
sp|P37623|ACPT_ECOLI,sp,P37623,ACPT
sp|P37624|RBBA_ECOLI,sp,P37624,RBBA
sp|P37626|YHII_ECOLI,sp,P37626,YHII
sp|P37631|YHIN_ECOLI,sp,P37631,YHIN
sp|P37634|RLMJ_ECOLI,sp,P37634,RLMJ
sp|P37636|MDTE_ECOLI,sp,P37636,MDTE
sp|P37637|MDTF_ECOLI,sp,P37637,MDTF
sp|P37639|GADX_ECOLI,sp,P37639,GADX
sp|P37641|YHJC_ECOLI,sp,P37641,YHJC
sp|P37642|YHJD_ECOLI,sp,P37642,YHJD
sp|P37645|YHJG_ECOLI,sp,P37645,YHJG
sp|P37647|KDGK_ECOLI,sp,P37647,KDGK
sp|P37648|YHJJ_ECOLI,sp,P37648,YHJJ
sp|P37649|PDEK_ECOLI,sp,P37649,PDEK
sp|P37650|BCSC_ECOLI,sp,P37650,BCSC
sp|P37651|GUN_ECOLI,sp,P37651,GUN
sp|P37652|BCSB_ECOLI,sp,P37652,BCSB
sp|P37653|BCSA_ECOLI,sp,P37653,BCSA
sp|P37655|BCSQP_ECOLI,sp,P37655,BCSQP
sp|P37657|BCSE_ECOLI,sp,P37657,BCSE
sp|P37659|BCSG_ECOLI,sp,P37659,BCSG
sp|P37661|EPTB_ECOLI,sp,P37661,EPTB
sp|P37664|YIAC_ECOLI,sp,P37664,YIAC
sp|P37665|YIAD_ECOLI,sp,P37665,YIAD
sp|P37666|GHRB_ECOLI,sp,P37666,GHRB
sp|P37671|YIAJ_ECOLI,sp,P37671,YIAJ
sp|P37672|DLGD_ECOLI,sp,P37672,DLGD
sp|P37678|SGBH_ECOLI,sp,P37678,SGBH
sp|P37685|ALDB_ECOLI,sp,P37685,ALDB
sp|P37686|ADH2_ECOLI,sp,P37686,ADH2
sp|P37689|GPMI_ECOLI,sp,P37689,GPMI
sp|P37690|ENVC_ECOLI,sp,P37690,ENVC
sp|P37691|YIBQ_ECOLI,sp,P37691,YIBQ
sp|P37692|RFAF_ECOLI,sp,P37692,RFAF
sp|P37765|RLUB_ECOLI,sp,P37765,RLUB
sp|P37767|YFHH_ECOLI,sp,P37767,YFHH
sp|P37773|MPL_ECOLI,sp,P37773,MPL
sp|P37774|TCYN_ECOLI,sp,P37774,TCYN
sp|P37902|GLTI_ECOLI,sp,P37902,GLTI
sp|P37903|USPF_ECOLI,sp,P37903,USPF
sp|P37908|YFJD_ECOLI,sp,P37908,YFJD
sp|P38051|MENF_ECOLI,sp,P38051,MENF
sp|P38134|ETK_ECOLI,sp,P38134,ETK
sp|P38489|NFSB_ECOLI,sp,P38489,NFSB
sp|P38506|XNI_ECOLI,sp,P38506,XNI
sp|P38521|YGGL_ECOLI,sp,P38521,YGGL
sp|P39099|DEGQ_ECOLI,sp,P39099,DEGQ
sp|P39160|UXUB_ECOLI,sp,P39160,UXUB
sp|P39161|UXUR_ECOLI,sp,P39161,UXUR
sp|P39172|ZNUA_ECOLI,sp,P39172,ZNUA
sp|P39173|YEAD_ECOLI,sp,P39173,YEAD
sp|P39176|ERFK_ECOLI,sp,P39176,ERFK
sp|P39177|USPG_ECOLI,sp,P39177,USPG
sp|P39196|LPLT_ECOLI,sp,P39196,LPLT
sp|P39199|PRMB_ECOLI,sp,P39199,PRMB
sp|P39263|YFCC_ECOLI,sp,P39263,YFCC
sp|P39265|ALSB_ECOLI,sp,P39265,ALSB
sp|P39280|EPMB_ECOLI,sp,P39280,EPMB
sp|P39285|MSCM_ECOLI,sp,P39285,MSCM
sp|P39286|RSGA_ECOLI,sp,P39286,RSGA
sp|P39298|YJFP_ECOLI,sp,P39298,YJFP
sp|P39300|ULAG_ECOLI,sp,P39300,ULAG
sp|P39310|YTFB_ECOLI,sp,P39310,YTFB
sp|P39315|QOR2_ECOLI,sp,P39315,QOR2
sp|P39321|TAMB_ECOLI,sp,P39321,TAMB
sp|P39334|BDCR_ECOLI,sp,P39334,BDCR
sp|P39337|YJGM_ECOLI,sp,P39337,YJGM
sp|P39342|YJGR_ECOLI,sp,P39342,YJGR
sp|P39347|INTB_ECOLI,sp,P39347,INTB
sp|P39371|NANM_ECOLI,sp,P39371,NANM
sp|P39376|YJIE_ECOLI,sp,P39376,YJIE
sp|P39377|IADA_ECOLI,sp,P39377,IADA
sp|P39379|YJIH_ECOLI,sp,P39379,YJIH
sp|P39396|BTST_ECOLI,sp,P39396,BTST
sp|P39401|OPGB_ECOLI,sp,P39401,OPGB
sp|P39406|RSMC_ECOLI,sp,P39406,RSMC
sp|P39407|YJJU_ECOLI,sp,P39407,YJJU
sp|P39408|YJJV_ECOLI,sp,P39408,YJJV
sp|P39411|NCPP_ECOLI,sp,P39411,NCPP
sp|P39451|ADHP_ECOLI,sp,P39451,ADHP
sp|P39829|GARD_ECOLI,sp,P39829,GARD
sp|P39830|YBAL_ECOLI,sp,P39830,YBAL
sp|P39831|YDFG_ECOLI,sp,P39831,YDFG
sp|P39835|GNTT_ECOLI,sp,P39835,GNTT
sp|P39836|YFEH_ECOLI,sp,P39836,YFEH
sp|P39838|RCSD_ECOLI,sp,P39838,RCSD
sp|P40120|OPGD_ECOLI,sp,P40120,OPGD
sp|P40191|PDXK_ECOLI,sp,P40191,PDXK
sp|P40710|NLPE_ECOLI,sp,P40710,NLPE
sp|P40719|QSEC_ECOLI,sp,P40719,QSEC
sp|P40874|MTOX_ECOLI,sp,P40874,MTOX
sp|P41039|YBII_ECOLI,sp,P41039,YBII
sp|P41052|MLTB_ECOLI,sp,P41052,MLTB
sp|P41407|AZOR_ECOLI,sp,P41407,AZOR
sp|P41409|RIHA_ECOLI,sp,P41409,RIHA
sp|P42588|PAT_ECOLI,sp,P42588,PAT
sp|P42596|RLMG_ECOLI,sp,P42596,RLMG
sp|P42599|YGJR_ECOLI,sp,P42599,YGJR
sp|P42604|UXAA_ECOLI,sp,P42604,UXAA
sp|P42620|YQJG_ECOLI,sp,P42620,YQJG
sp|P42624|YHAK_ECOLI,sp,P42624,YHAK
sp|P42625|YHAL_ECOLI,sp,P42625,YHAL
sp|P42626|YHAM_ECOLI,sp,P42626,YHAM
sp|P42632|TDCE_ECOLI,sp,P42632,TDCE
sp|P42641|OBG_ECOLI,sp,P42641,OBG
sp|P43329|HRPA_ECOLI,sp,P43329,HRPA
sp|P43337|NUDL_ECOLI,sp,P43337,NUDL
sp|P43341|LPXH_ECOLI,sp,P43341,LPXH
sp|P43531|YNFM_ECOLI,sp,P43531,YNFM
sp|P43671|PQIB_ECOLI,sp,P43671,PQIB
sp|P43672|UUP_ECOLI,sp,P43672,UUP
sp|P43674|YCAL_ECOLI,sp,P43674,YCAL
sp|P45395|KDSD_ECOLI,sp,P45395,KDSD
sp|P45463|TTDR_ECOLI,sp,P45463,TTDR
sp|P45464|LPOA_ECOLI,sp,P45464,LPOA
sp|P45469|YRAR_ECOLI,sp,P45469,YRAR
sp|P45475|UBIV_ECOLI,sp,P45475,UBIV
sp|P45523|FKBA_ECOLI,sp,P45523,FKBA
sp|P45524|YHET_ECOLI,sp,P45524,YHET
sp|P45527|UBIU_ECOLI,sp,P45527,UBIU
sp|P45530|TUSB_ECOLI,sp,P45530,TUSB
sp|P45531|TUSC_ECOLI,sp,P45531,TUSC
sp|P45532|TUSD_ECOLI,sp,P45532,TUSD
sp|P45537|YHFK_ECOLI,sp,P45537,YHFK
sp|P45552|YHFZ_ECOLI,sp,P45552,YHFZ
sp|P45568|DXR_ECOLI,sp,P45568,DXR
sp|P45577|PROQ_ECOLI,sp,P45577,PROQ
sp|P45578|LUXS_ECOLI,sp,P45578,LUXS
sp|P45748|TSAC_ECOLI,sp,P45748,TSAC
sp|P45753|HOFM_ECOLI,sp,P45753,HOFM
sp|P45759|GSPE_ECOLI,sp,P45759,GSPE
sp|P45799|NUDE_ECOLI,sp,P45799,NUDE
sp|P45800|IGAA_ECOLI,sp,P45800,IGAA
sp|P45804|YHGE_ECOLI,sp,P45804,YHGE
sp|P45955|CPOB_ECOLI,sp,P45955,CPOB
sp|P46118|HEXR_ECOLI,sp,P46118,HEXR
sp|P46122|YAJI_ECOLI,sp,P46122,YAJI
sp|P46125|YEDI_ECOLI,sp,P46125,YEDI
sp|P46130|YBHC_ECOLI,sp,P46130,YBHC
sp|P46139|DGCN_ECOLI,sp,P46139,DGCN
sp|P46474|YHDP_ECOLI,sp,P46474,YHDP
sp|P46837|YHGF_ECOLI,sp,P46837,YHGF
sp|P46849|RTCA_ECOLI,sp,P46849,RTCA
sp|P46850|RTCB_ECOLI,sp,P46850,RTCB
sp|P46852|YHHW_ECOLI,sp,P46852,YHHW
sp|P46853|YHHX_ECOLI,sp,P46853,YHHX
sp|P46854|AAAT_ECOLI,sp,P46854,AAAT
sp|P46859|GNTK_ECOLI,sp,P46859,GNTK
sp|P46889|FTSK_ECOLI,sp,P46889,FTSK
sp|P50456|MLC_ECOLI,sp,P50456,MLC
sp|P50465|END8_ECOLI,sp,P50465,END8
sp|P51024|YAIL_ECOLI,sp,P51024,YAIL
sp|P51025|SFGH1_ECOLI,sp,P51025,SFGH1
sp|P51981|AEEP_ECOLI,sp,P51981,AEEP
sp|P52006|NUDI_ECOLI,sp,P52006,NUDI
sp|P52007|YECM_ECOLI,sp,P52007,YECM
sp|P52060|YGGU_ECOLI,sp,P52060,YGGU
sp|P52061|IXTPA_ECOLI,sp,P52061,IXTPA
sp|P52062|HEMW_ECOLI,sp,P52062,HEMW
sp|P52074|GLCF_ECOLI,sp,P52074,GLCF
sp|P52076|QSEB_ECOLI,sp,P52076,QSEB
sp|P52095|LDCC_ECOLI,sp,P52095,LDCC
sp|P52097|TILS_ECOLI,sp,P52097,TILS
sp|P52101|GLRK_ECOLI,sp,P52101,GLRK
sp|P52108|RSTA_ECOLI,sp,P52108,RSTA
sp|P52119|RATB_ECOLI,sp,P52119,RATB
sp|P52598|YGBI_ECOLI,sp,P52598,YGBI
sp|P52643|LDHD_ECOLI,sp,P52643,LDHD
sp|P52644|HSLJ_ECOLI,sp,P52644,HSLJ
sp|P52645|YDBH_ECOLI,sp,P52645,YDBH
sp|P52647|NIFJ_ECOLI,sp,P52647,NIFJ
sp|P52697|6PGL_ECOLI,sp,P52697,6PGL
sp|P54901|CSIE_ECOLI,sp,P54901,CSIE
sp|P55135|RLMD_ECOLI,sp,P55135,RLMD
sp|P55138|YGCE_ECOLI,sp,P55138,YGCE
sp|P55734|YGAP_ECOLI,sp,P55734,YGAP
sp|P56258|WECF_ECOLI,sp,P56258,WECF
sp|P56262|DLHH_ECOLI,sp,P56262,DLHH
sp|P60061|ADIC_ECOLI,sp,P60061,ADIC
sp|P60240|RAPA_ECOLI,sp,P60240,RAPA
sp|P60293|MUKF_ECOLI,sp,P60293,MUKF
sp|P60340|TRUB_ECOLI,sp,P60340,TRUB
sp|P60390|RSMH_ECOLI,sp,P60390,RSMH
sp|P60422|RL2_ECOLI,sp,P60422,RL2
sp|P60438|RL3_ECOLI,sp,P60438,RL3
sp|P60472|UPPS_ECOLI,sp,P60472,UPPS
sp|P60546|KGUA_ECOLI,sp,P60546,KGUA
sp|P60560|GUAC_ECOLI,sp,P60560,GUAC
sp|P60584|CAIA_ECOLI,sp,P60584,CAIA
sp|P60595|HIS5_ECOLI,sp,P60595,HIS5
sp|P60624|RL24_ECOLI,sp,P60624,RL24
sp|P60651|SPEB_ECOLI,sp,P60651,SPEB
sp|P60664|HIS6_ECOLI,sp,P60664,HIS6
sp|P60716|LIPA_ECOLI,sp,P60716,LIPA
sp|P60720|LIPB_ECOLI,sp,P60720,LIPB
sp|P60723|RL4_ECOLI,sp,P60723,RL4
sp|P60752|MSBA_ECOLI,sp,P60752,MSBA
sp|P60757|HIS1_ECOLI,sp,P60757,HIS1
sp|P60782|PLSY_ECOLI,sp,P60782,PLSY
sp|P60785|LEPA_ECOLI,sp,P60785,LEPA
sp|P60869|YBJL_ECOLI,sp,P60869,YBJL
sp|P60872|YIDE_ECOLI,sp,P60872,YIDE
sp|P60906|SYH_ECOLI,sp,P60906,SYH
sp|P60955|LGT_ECOLI,sp,P60955,LGT
sp|P61175|RL22_ECOLI,sp,P61175,RL22
sp|P61316|LOLA_ECOLI,sp,P61316,LOLA
sp|P61320|LOLB_ECOLI,sp,P61320,LOLB
sp|P61517|CAN_ECOLI,sp,P61517,CAN
sp|P61714|RISB_ECOLI,sp,P61714,RISB
sp|P61887|RMLA2_ECOLI,sp,P61887,RMLA2
sp|P61889|MDH_ECOLI,sp,P61889,MDH
sp|P61949|FLAV_ECOLI,sp,P61949,FLAV
sp|P62399|RL5_ECOLI,sp,P62399,RL5
sp|P62517|OPGH_ECOLI,sp,P62517,OPGH
sp|P62601|TREF_ECOLI,sp,P62601,TREF
sp|P62615|ISPE_ECOLI,sp,P62615,ISPE
sp|P62617|ISPF_ECOLI,sp,P62617,ISPF
sp|P62620|ISPG_ECOLI,sp,P62620,ISPG
sp|P62623|ISPH_ECOLI,sp,P62623,ISPH
sp|P62672|APAG_ECOLI,sp,P62672,APAG
sp|P62707|GPMA_ECOLI,sp,P62707,GPMA
sp|P62768|YAEH_ECOLI,sp,P62768,YAEH
sp|P63020|NFUA_ECOLI,sp,P63020,NFUA
sp|P63177|RLMB_ECOLI,sp,P63177,RLMB
sp|P63183|KUP_ECOLI,sp,P63183,KUP
sp|P63201|GADW_ECOLI,sp,P63201,GADW
sp|P63204|GADE_ECOLI,sp,P63204,GADE
sp|P63224|GMHA_ECOLI,sp,P63224,GMHA
sp|P63228|GMHBB_ECOLI,sp,P63228,GMHBB
sp|P63235|GADC_ECOLI,sp,P63235,GADC
sp|P63284|CLPB_ECOLI,sp,P63284,CLPB
sp|P63340|YQEG_ECOLI,sp,P63340,YQEG
sp|P63386|MLAF_ECOLI,sp,P63386,MLAF
sp|P63389|YHES_ECOLI,sp,P63389,YHES
sp|P63417|YHBS_ECOLI,sp,P63417,YHBS
sp|P63883|AMIC_ECOLI,sp,P63883,AMIC
sp|P64423|ZNTB_ECOLI,sp,P64423,ZNTB
sp|P64426|DIGH_ECOLI,sp,P64426,DIGH
sp|P64429|YPFJ_ECOLI,sp,P64429,YPFJ
sp|P64432|YPJD_ECOLI,sp,P64432,YPJD
sp|P64439|YBJM_ECOLI,sp,P64439,YBJM
sp|P64451|YDCL_ECOLI,sp,P64451,YDCL
sp|P64455|YDCY_ECOLI,sp,P64455,YDCY
sp|P64463|YDFZ_ECOLI,sp,P64463,YDFZ
sp|P64467|CNU_ECOLI,sp,P64467,CNU
sp|P64476|YDIH_ECOLI,sp,P64476,YDIH
sp|P64479|YDIZ_ECOLI,sp,P64479,YDIZ
sp|P64483|PROXY_ECOLI,sp,P64483,PROXY
sp|P64488|YEAR_ECOLI,sp,P64488,YEAR
sp|P64490|YOAC_ECOLI,sp,P64490,YOAC
sp|P64499|YEBO_ECOLI,sp,P64499,YEBO
sp|P64503|YEBV_ECOLI,sp,P64503,YEBV
sp|P64515|YECN_ECOLI,sp,P64515,YECN
sp|P64517|YODC_ECOLI,sp,P64517,YODC
sp|P64519|YODD_ECOLI,sp,P64519,YODD
sp|P64530|RCNR_ECOLI,sp,P64530,RCNR
sp|P64534|RCNB_ECOLI,sp,P64534,RCNB
sp|P64536|YEIS_ECOLI,sp,P64536,YEIS
sp|P64540|YFCL_ECOLI,sp,P64540,YFCL
sp|P64545|YFGG_ECOLI,sp,P64545,YFGG
sp|P64554|QUEE_ECOLI,sp,P64554,QUEE
sp|P64564|YGGT_ECOLI,sp,P64564,YGGT
sp|P64581|YQJD_ECOLI,sp,P64581,YQJD
sp|P64585|YQJE_ECOLI,sp,P64585,YQJE
sp|P64588|YQJI_ECOLI,sp,P64588,YQJI
sp|P64590|YHAH_ECOLI,sp,P64590,YHAH
sp|P64596|DOLP_ECOLI,sp,P64596,DOLP
sp|P64599|UBIT_ECOLI,sp,P64599,UBIT
sp|P64602|MLAB_ECOLI,sp,P64602,MLAB
sp|P64604|MLAD_ECOLI,sp,P64604,MLAD
sp|P64606|MLAE_ECOLI,sp,P64606,MLAE
sp|P64610|YRBL_ECOLI,sp,P64610,YRBL
sp|P64612|ZAPE_ECOLI,sp,P64612,ZAPE
sp|P64616|YHCO_ECOLI,sp,P64616,YHCO
sp|P64624|YHEO_ECOLI,sp,P64624,YHEO
sp|P64636|YRFG_ECOLI,sp,P64636,YRFG
sp|P65292|YGDI_ECOLI,sp,P65292,YGDI
sp|P65294|YGDR_ECOLI,sp,P65294,YGDR
sp|P65298|YQHH_ECOLI,sp,P65298,YQHH
sp|P65367|YQCA_ECOLI,sp,P65367,YQCA
sp|P65556|YFCD_ECOLI,sp,P65556,YFCD
sp|P65807|YGEY_ECOLI,sp,P65807,YGEY
sp|P65870|QUED_ECOLI,sp,P65870,QUED
sp|P66817|DIAA_ECOLI,sp,P66817,DIAA
sp|P66948|BEPA_ECOLI,sp,P66948,BEPA
sp|P67080|PLPHP_ECOLI,sp,P67080,PLPHP
sp|P67087|RSMI_ECOLI,sp,P67087,RSMI
sp|P67095|YFCE_ECOLI,sp,P67095,YFCE
sp|P67127|YGDQ_ECOLI,sp,P67127,YGDQ
sp|P67244|YQHA_ECOLI,sp,P67244,YQHA
sp|P67430|NEMR_ECOLI,sp,P67430,NEMR
sp|P67553|YNFC_ECOLI,sp,P67553,YNFC
sp|P67601|YOBD_ECOLI,sp,P67601,YOBD
sp|P67603|AC4CH_ECOLI,sp,P67603,AC4CH
sp|P67660|YHAJ_ECOLI,sp,P67660,YHAJ
sp|P67662|AAER_ECOLI,sp,P67662,AAER
sp|P67701|HIGA_ECOLI,sp,P67701,HIGA
sp|P67826|CUTC_ECOLI,sp,P67826,CUTC
sp|P67910|HLDD_ECOLI,sp,P67910,HLDD
sp|P68066|GRCA_ECOLI,sp,P68066,GRCA
sp|P68187|MALK_ECOLI,sp,P68187,MALK
sp|P68191|SRA_ECOLI,sp,P68191,SRA
sp|P68206|YJBJ_ECOLI,sp,P68206,YJBJ
sp|P68398|TADA_ECOLI,sp,P68398,TADA
sp|P68567|RSMJ_ECOLI,sp,P68567,RSMJ
sp|P68679|RS21_ECOLI,sp,P68679,RS21
sp|P68688|GLRX1_ECOLI,sp,P68688,GLRX1
sp|P68699|ATPL_ECOLI,sp,P68699,ATPL
sp|P68739|NFI_ECOLI,sp,P68739,NFI
sp|P68767|AMPA_ECOLI,sp,P68767,AMPA
sp|P68919|RL25_ECOLI,sp,P68919,RL25
sp|P69222|IF1_ECOLI,sp,P69222,IF1
sp|P69228|BAER_ECOLI,sp,P69228,BAER
sp|P69330|CITD_ECOLI,sp,P69330,CITD
sp|P69346|YEFM_ECOLI,sp,P69346,YEFM
sp|P69380|FIEF_ECOLI,sp,P69380,FIEF
sp|P69411|RCSF_ECOLI,sp,P69411,RCSF
sp|P69423|TATC_ECOLI,sp,P69423,TATC
sp|P69425|TATB_ECOLI,sp,P69425,TATB
sp|P69428|TATA_ECOLI,sp,P69428,TATA
sp|P69441|KAD_ECOLI,sp,P69441,KAD
sp|P69451|LCFA_ECOLI,sp,P69451,LCFA
sp|P69490|CCME_ECOLI,sp,P69490,CCME
sp|P69503|APT_ECOLI,sp,P69503,APT
sp|P69506|YTFE_ECOLI,sp,P69506,YTFE
sp|P69739|MBHS_ECOLI,sp,P69739,MBHS
sp|P69741|MBHT_ECOLI,sp,P69741,MBHT
sp|P69776|LPP_ECOLI,sp,P69776,LPP
sp|P69783|PTGA_ECOLI,sp,P69783,PTGA
sp|P69786|PTGCB_ECOLI,sp,P69786,PTGCB
sp|P69791|PTQA_ECOLI,sp,P69791,PTQA
sp|P69795|PTQB_ECOLI,sp,P69795,PTQB
sp|P69797|PTNAB_ECOLI,sp,P69797,PTNAB
sp|P69801|PTNC_ECOLI,sp,P69801,PTNC
sp|P69805|PTND_ECOLI,sp,P69805,PTND
sp|P69811|PTFAH_ECOLI,sp,P69811,PTFAH
sp|P69816|PTFB2_ECOLI,sp,P69816,PTFB2
sp|P69822|ULAB_ECOLI,sp,P69822,ULAB
sp|P69829|PTSN_ECOLI,sp,P69829,PTSN
sp|P69853|DMSD_ECOLI,sp,P69853,DMSD
sp|P69874|POTA_ECOLI,sp,P69874,POTA
sp|P69908|DCEA_ECOLI,sp,P69908,DCEA
sp|P69910|DCEB_ECOLI,sp,P69910,DCEB
sp|P69913|CSRA_ECOLI,sp,P69913,CSRA
sp|P69922|FUCI_ECOLI,sp,P69922,FUCI
sp|P69924|RIR2_ECOLI,sp,P69924,RIR2
sp|P69931|HDA_ECOLI,sp,P69931,HDA
sp|P75713|ALLE_ECOLI,sp,P75713,ALLE
sp|P75726|CILA_ECOLI,sp,P75726,CILA
sp|P75728|UBIF_ECOLI,sp,P75728,UBIF
sp|P75736|YBFF_ECOLI,sp,P75736,YBFF
sp|P75745|PXPC_ECOLI,sp,P75745,PXPC
sp|P75746|PXPA_ECOLI,sp,P75746,PXPA
sp|P75747|ABRB_ECOLI,sp,P75747,ABRB
sp|P75757|ZITB_ECOLI,sp,P75757,ZITB
sp|P75767|GNGF_ECOLI,sp,P75767,GNGF
sp|P75777|YBHG_ECOLI,sp,P75777,YBHG
sp|P75782|RLMF_ECOLI,sp,P75782,RLMF
sp|P75783|YBIO_ECOLI,sp,P75783,YBIO
sp|P75792|SUPH_ECOLI,sp,P75792,SUPH
sp|P75796|GSIA_ECOLI,sp,P75796,GSIA
sp|P75797|GSIB_ECOLI,sp,P75797,GSIB
sp|P75799|GSID_ECOLI,sp,P75799,GSID
sp|P75800|PDEI_ECOLI,sp,P75800,PDEI
sp|P75801|DGCI_ECOLI,sp,P75801,DGCI
sp|P75809|YBJI_ECOLI,sp,P75809,YBJI
sp|P75811|RCDA_ECOLI,sp,P75811,RCDA
sp|P75817|RLMC_ECOLI,sp,P75817,RLMC
sp|P75818|YBJP_ECOLI,sp,P75818,YBJP
sp|P75820|AMID_ECOLI,sp,P75820,AMID
sp|P75821|YBJS_ECOLI,sp,P75821,YBJS
sp|P75822|YBJT_ECOLI,sp,P75822,YBJT
sp|P75823|LTAE_ECOLI,sp,P75823,LTAE
sp|P75824|HCR_ECOLI,sp,P75824,HCR
sp|P75825|HCP_ECOLI,sp,P75825,HCP
sp|P75828|YBJD_ECOLI,sp,P75828,YBJD
sp|P75829|YBJX_ECOLI,sp,P75829,YBJX
sp|P75830|MACA_ECOLI,sp,P75830,MACA
sp|P75831|MACB_ECOLI,sp,P75831,MACB
sp|P75838|YCAO_ECOLI,sp,P75838,YCAO
sp|P75849|GLO22_ECOLI,sp,P75849,GLO22
sp|P75863|YCBX_ECOLI,sp,P75863,YCBX
sp|P75864|RLMKL_ECOLI,sp,P75864,RLMKL
sp|P75867|LONH_ECOLI,sp,P75867,LONH
sp|P75870|YCCS_ECOLI,sp,P75870,YCCS
sp|P75874|YCCU_ECOLI,sp,P75874,YCCU
sp|P75876|RLMI_ECOLI,sp,P75876,RLMI
sp|P75882|GFCD_ECOLI,sp,P75882,GFCD
sp|P75883|GFCC_ECOLI,sp,P75883,GFCC
sp|P75884|GFCB_ECOLI,sp,P75884,GFCB
sp|P75913|GHRA_ECOLI,sp,P75913,GHRA
sp|P75914|YCDX_ECOLI,sp,P75914,YCDX
sp|P75915|YCDY_ECOLI,sp,P75915,YCDY
sp|P75916|YCDZ_ECOLI,sp,P75916,YCDZ
sp|P75931|YCEM_ECOLI,sp,P75931,YCEM
sp|P75937|FLGE_ECOLI,sp,P75937,FLGE
sp|P75946|YCFL_ECOLI,sp,P75946,YCFL
sp|P75949|NAGZ_ECOLI,sp,P75949,NAGZ
sp|P75952|COMR_ECOLI,sp,P75952,COMR
sp|P75957|LOLD_ECOLI,sp,P75957,LOLD
sp|P75958|LOLE_ECOLI,sp,P75958,LOLE
sp|P75959|NAGK_ECOLI,sp,P75959,NAGK
sp|P75960|NPD_ECOLI,sp,P75960,NPD
sp|P75966|RLUE_ECOLI,sp,P75966,RLUE
sp|P75973|YMFJ_ECOLI,sp,P75973,YMFJ
sp|P75989|BLUR_ECOLI,sp,P75989,BLUR
sp|P76002|PLIG_ECOLI,sp,P76002,PLIG
sp|P76004|YCGM_ECOLI,sp,P76004,YCGM
sp|P76007|NHAP2_ECOLI,sp,P76007,NHAP2
sp|P76008|LDCA_ECOLI,sp,P76008,LDCA
sp|P76014|DHAL_ECOLI,sp,P76014,DHAL
sp|P76015|DHAK_ECOLI,sp,P76015,DHAK
sp|P76027|OPPD_ECOLI,sp,P76027,OPPD
sp|P76034|YCIT_ECOLI,sp,P76034,YCIT
sp|P76046|YCJX_ECOLI,sp,P76046,YCJX
sp|P76049|YCJY_ECOLI,sp,P76049,YCJY
sp|P76053|SMRA_ECOLI,sp,P76053,SMRA
sp|P76055|TTCA_ECOLI,sp,P76055,TTCA
sp|P76104|RLHA_ECOLI,sp,P76104,RLHA
sp|P76108|YDCS_ECOLI,sp,P76108,YDCS
sp|P76112|MNAT_ECOLI,sp,P76112,MNAT
sp|P76116|YNCE_ECOLI,sp,P76116,YNCE
sp|P76145|TAM_ECOLI,sp,P76145,TAM
sp|P76147|DGCF_ECOLI,sp,P76147,DGCF
sp|P76148|YNEG_ECOLI,sp,P76148,YNEG
sp|P76149|SAD_ECOLI,sp,P76149,SAD
sp|P76170|YNFB_ECOLI,sp,P76170,YNFB
sp|P76176|YDGD_ECOLI,sp,P76176,YDGD
sp|P76177|YDGH_ECOLI,sp,P76177,YDGH
sp|P76180|YDGK_ECOLI,sp,P76180,YDGK
sp|P76182|RSXD_ECOLI,sp,P76182,RSXD
sp|P76185|YDHJ_ECOLI,sp,P76185,YDHJ
sp|P76187|YDHF_ECOLI,sp,P76187,YDHF
sp|P76192|YDHV_ECOLI,sp,P76192,YDHV
sp|P76193|YNHG_ECOLI,sp,P76193,YNHG
sp|P76194|SUFE_ECOLI,sp,P76194,SUFE
sp|P76204|YDIV_ECOLI,sp,P76204,YDIV
sp|P76208|YNIB_ECOLI,sp,P76208,YNIB
sp|P76220|YDJY_ECOLI,sp,P76220,YDJY
sp|P76223|YNJB_ECOLI,sp,P76223,YNJB
sp|P76237|DGCJ_ECOLI,sp,P76237,DGCJ
sp|P76243|YEAO_ECOLI,sp,P76243,YEAO
sp|P76245|DGCP_ECOLI,sp,P76245,DGCP
sp|P76249|LEUE_ECOLI,sp,P76249,LEUE
sp|P76256|TSAB_ECOLI,sp,P76256,TSAB
sp|P76257|YOAA_ECOLI,sp,P76257,YOAA
sp|P76268|KDGR_ECOLI,sp,P76268,KDGR
sp|P76270|MSRC_ECOLI,sp,P76270,MSRC
sp|P76272|YEBT_ECOLI,sp,P76272,YEBT
sp|P76273|RSMF_ECOLI,sp,P76273,RSMF
sp|P76280|YOBB_ECOLI,sp,P76280,YOBB
sp|P76290|CMOA_ECOLI,sp,P76290,CMOA
sp|P76291|CMOB_ECOLI,sp,P76291,CMOB
sp|P76298|FLHA_ECOLI,sp,P76298,FLHA
sp|P76316|DCYD_ECOLI,sp,P76316,DCYD
sp|P76339|HPRS_ECOLI,sp,P76339,HPRS
sp|P76340|HPRR_ECOLI,sp,P76340,HPRR
sp|P76341|HIUH_ECOLI,sp,P76341,HIUH
sp|P76342|MSRP_ECOLI,sp,P76342,MSRP
sp|P76346|MTFA_ECOLI,sp,P76346,MTFA
sp|P76349|YEEL_ECOLI,sp,P76349,YEEL
sp|P76389|YEGH_ECOLI,sp,P76389,YEGH
sp|P76397|MDTA_ECOLI,sp,P76397,MDTA
sp|P76398|MDTB_ECOLI,sp,P76398,MDTB
sp|P76402|YEGP_ECOLI,sp,P76402,YEGP
sp|P76403|TRHP_ECOLI,sp,P76403,TRHP
sp|P76406|YEGR_ECOLI,sp,P76406,YEGR
sp|P76440|PRET_ECOLI,sp,P76440,PRET
sp|P76445|LPXT_ECOLI,sp,P76445,LPXT
sp|P76446|PDEN_ECOLI,sp,P76446,PDEN
sp|P76491|5DNU_ECOLI,sp,P76491,5DNU
sp|P76502|SIXA_ECOLI,sp,P76502,SIXA
sp|P76506|MLAA_ECOLI,sp,P76506,MLAA
sp|P76513|YFDQ_ECOLI,sp,P76513,YFDQ
sp|P76521|YFDY_ECOLI,sp,P76521,YFDY
sp|P76535|MURQ_ECOLI,sp,P76535,MURQ
sp|P76536|YFEX_ECOLI,sp,P76536,YFEX
sp|P76537|YFEY_ECOLI,sp,P76537,YFEY
sp|P76539|YPEA_ECOLI,sp,P76539,YPEA
sp|P76558|MAO2_ECOLI,sp,P76558,MAO2
sp|P76561|YPFH_ECOLI,sp,P76561,YPFH
sp|P76569|YFGD_ECOLI,sp,P76569,YFGD
sp|P76573|YFGI_ECOLI,sp,P76573,YFGI
sp|P76576|YFGM_ECOLI,sp,P76576,YFGM
sp|P76578|A2MG_ECOLI,sp,P76578,A2MG
sp|P76585|YPHG_ECOLI,sp,P76585,YPHG
sp|P76594|LYSAC_ECOLI,sp,P76594,LYSAC
sp|P76641|GUAD_ECOLI,sp,P76641,GUAD
sp|P76658|HLDE_ECOLI,sp,P76658,HLDE
sp|P76938|EPMC_ECOLI,sp,P76938,EPMC
sp|P77148|YDHS_ECOLI,sp,P77148,YDHS
sp|P77150|PDXY_ECOLI,sp,P77150,PDXY
sp|P77173|ZIPA_ECOLI,sp,P77173,ZIPA
sp|P77179|RSXE_ECOLI,sp,P77179,RSXE
sp|P77182|MNMC_ECOLI,sp,P77182,MNMC
sp|P77184|LOMR_ECOLI,sp,P77184,LOMR
sp|P77202|DSBG_ECOLI,sp,P77202,DSBG
sp|P77212|RCLA_ECOLI,sp,P77212,RCLA
sp|P77213|GCS2_ECOLI,sp,P77213,GCS2
sp|P77223|RSXB_ECOLI,sp,P77223,RSXB
sp|P77231|CITG_ECOLI,sp,P77231,CITG
sp|P77247|HXPB_ECOLI,sp,P77247,HXPB
sp|P77252|YKGE_ECOLI,sp,P77252,YKGE
sp|P77256|AKRMG_ECOLI,sp,P77256,AKRMG
sp|P77258|NEMA_ECOLI,sp,P77258,NEMA
sp|P77260|YDFI_ECOLI,sp,P77260,YDFI
sp|P77265|MDLA_ECOLI,sp,P77265,MDLA
sp|P77272|PTYBC_ECOLI,sp,P77272,PTYBC
sp|P77279|FETA_ECOLI,sp,P77279,FETA
sp|P77280|YDJJ_ECOLI,sp,P77280,YDJJ
sp|P77285|RSXG_ECOLI,sp,P77285,RSXG
sp|P77301|YBAP_ECOLI,sp,P77301,YBAP
sp|P77304|DTPA_ECOLI,sp,P77304,DTPA
sp|P77307|FETB_ECOLI,sp,P77307,FETB
sp|P77318|YDEN_ECOLI,sp,P77318,YDEN
sp|P77333|PGRR_ECOLI,sp,P77333,PGRR
sp|P77338|MSCK_ECOLI,sp,P77338,MSCK
sp|P77348|MPPA_ECOLI,sp,P77348,MPPA
sp|P77357|ABGA_ECOLI,sp,P77357,ABGA
sp|P77360|YPHC_ECOLI,sp,P77360,YPHC
sp|P77364|GLXK2_ECOLI,sp,P77364,GLXK2
sp|P77374|YNFE_ECOLI,sp,P77374,YNFE
sp|P77376|YDGJ_ECOLI,sp,P77376,YDGJ
sp|P77379|RCLR_ECOLI,sp,P77379,RCLR
sp|P77390|CITC_ECOLI,sp,P77390,CITC
sp|P77395|CNOX_ECOLI,sp,P77395,CNOX
sp|P77398|ARNA_ECOLI,sp,P77398,ARNA
sp|P77433|YKGG_ECOLI,sp,P77433,YKGG
sp|P77434|ALAC_ECOLI,sp,P77434,ALAC
sp|P77444|SUFS_ECOLI,sp,P77444,SUFS
sp|P77454|GLSA1_ECOLI,sp,P77454,GLSA1
sp|P77473|PDEB_ECOLI,sp,P77473,PDEB
sp|P77475|YQAB_ECOLI,sp,P77475,YQAB
sp|P77485|CUSS_ECOLI,sp,P77485,CUSS
sp|P77488|DXS_ECOLI,sp,P77488,DXS
sp|P77499|SUFC_ECOLI,sp,P77499,SUFC
sp|P77504|YBBP_ECOLI,sp,P77504,YBBP
sp|P77522|SUFB_ECOLI,sp,P77522,SUFB
sp|P77526|YFCG_ECOLI,sp,P77526,YFCG
sp|P77529|TCYP_ECOLI,sp,P77529,TCYP
sp|P77536|YKGF_ECOLI,sp,P77536,YKGF
sp|P77539|YDJL_ECOLI,sp,P77539,YDJL
sp|P77544|YFCF_ECOLI,sp,P77544,YFCF
sp|P77552|YDHQ_ECOLI,sp,P77552,YDHQ
sp|P77559|YNFL_ECOLI,sp,P77559,YNFL
sp|P77567|NHOA_ECOLI,sp,P77567,NHOA
sp|P77569|MHPR_ECOLI,sp,P77569,MHPR
sp|P77570|ANMK_ECOLI,sp,P77570,ANMK
sp|P77585|YPDE_ECOLI,sp,P77585,YPDE
sp|P77611|RSXC_ECOLI,sp,P77611,RSXC
sp|P77615|YCJW_ECOLI,sp,P77615,YCJW
sp|P77625|HXPA_ECOLI,sp,P77625,HXPA
sp|P77667|SUFA_ECOLI,sp,P77667,SUFA
sp|P77689|SUFD_ECOLI,sp,P77689,SUFD
sp|P77690|ARNB_ECOLI,sp,P77690,ARNB
sp|P77704|YDJI_ECOLI,sp,P77704,YDJI
sp|P77717|YBAY_ECOLI,sp,P77717,YBAY
sp|P77718|THII_ECOLI,sp,P77718,THII
sp|P77721|YDJF_ECOLI,sp,P77721,YDJF
sp|P77726|YAJR_ECOLI,sp,P77726,YAJR
sp|P77735|YAJO_ECOLI,sp,P77735,YAJO
sp|P77737|OPPF_ECOLI,sp,P77737,OPPF
sp|P77739|KT3K_ECOLI,sp,P77739,KT3K
sp|P77748|D2HDH_ECOLI,sp,P77748,D2HDH
sp|P77754|SPY_ECOLI,sp,P77754,SPY
sp|P77756|QUEC_ECOLI,sp,P77756,QUEC
sp|P77766|RNM_ECOLI,sp,P77766,RNM
sp|P77774|BAMB_ECOLI,sp,P77774,BAMB
sp|P77775|YFCH_ECOLI,sp,P77775,YFCH
sp|P77781|MENI_ECOLI,sp,P77781,MENI
sp|P77783|YNFF_ECOLI,sp,P77783,YNFF
sp|P77804|YDGA_ECOLI,sp,P77804,YDGA
sp|P77808|CINAL_ECOLI,sp,P77808,CINAL
sp|P78055|FSAA_ECOLI,sp,P78055,FSAA
sp|P78067|YNJE_ECOLI,sp,P78067,YNJE
sp|Q06065|ATOC_ECOLI,sp,Q06065,ATOC
sp|Q2M7R5|YIBT_ECOLI,sp,Q2M7R5,YIBT
sp|Q2MB16|YOBH_ECOLI,sp,Q2MB16,YOBH
sp|Q46798|YGER_ECOLI,sp,Q46798,YGER
sp|Q46799|XDHA_ECOLI,sp,Q46799,XDHA
sp|Q46802|UACR_ECOLI,sp,Q46802,UACR
sp|Q46822|IDI_ECOLI,sp,Q46822,IDI
sp|Q46829|BGLA_ECOLI,sp,Q46829,BGLA
sp|Q46832|YGHD_ECOLI,sp,Q46832,YGHD
sp|Q46833|YGHE_ECOLI,sp,Q46833,YGHE
sp|Q46834|YGHF_ECOLI,sp,Q46834,YGHF
sp|Q46835|YGHG_ECOLI,sp,Q46835,YGHG
sp|Q46836|PPPA_ECOLI,sp,Q46836,PPPA
sp|Q46840|YGHO_ECOLI,sp,Q46840,YGHO
sp|Q46843|YGHS_ECOLI,sp,Q46843,YGHS
sp|Q46845|YGHU_ECOLI,sp,Q46845,YGHU
sp|Q46855|YQHC_ECOLI,sp,Q46855,YQHC
sp|Q46856|YQHD_ECOLI,sp,Q46856,YQHD
sp|Q46857|DKGA_ECOLI,sp,Q46857,DKGA
sp|Q46861|YGIQ_ECOLI,sp,Q46861,YGIQ
sp|Q46868|UBIK_ECOLI,sp,Q46868,UBIK
sp|Q46871|YQJH_ECOLI,sp,Q46871,YQJH
sp|Q46893|ISPD_ECOLI,sp,Q46893,ISPD
sp|Q46915|GUDX_ECOLI,sp,Q46915,GUDX
sp|Q46920|QUEF_ECOLI,sp,Q46920,QUEF
sp|Q46925|CSDA_ECOLI,sp,Q46925,CSDA
sp|Q46927|TCDA_ECOLI,sp,Q46927,TCDA
sp|Q46938|KDUI_ECOLI,sp,Q46938,KDUI
sp|Q46948|YAJL_ECOLI,sp,Q46948,YAJL
sp|Q47147|YAFJ_ECOLI,sp,Q47147,YAFJ
sp|Q47319|TAPT_ECOLI,sp,Q47319,TAPT
sp|Q47536|YAIP_ECOLI,sp,Q47536,YAIP
sp|Q47622|SAPA_ECOLI,sp,Q47622,SAPA
sp|Q47679|YAFV_ECOLI,sp,Q47679,YAFV
sp|Q47710|YQJK_ECOLI,sp,Q47710,YQJK
sp|Q57261|TRUD_ECOLI,sp,Q57261,TRUD
sp|Q59385-2|COPA_ECOLI,sp,Q59385-2,COPA
sp|Q59385|COPA_ECOLI,sp,Q59385,COPA
sp|Q7DFV3|YMGG_ECOLI,sp,Q7DFV3,YMGG
sp|Q93K97|ADPP_ECOLI,sp,Q93K97,ADPP
